CustomerID,Revenue
14911.0,115011.85
14646.0,85888.3
13089.0,48777.67
14156.0,48300.99
14096.0,47494.08
18102.0,41866.89
17511.0,40291.31
14088.0,38934.49
14298.0,38181.67
17841.0,37945.59
12415.0,36363.56
15311.0,32968.26
12748.0,26578.67
17450.0,26185.78
13081.0,24124.94
15061.0,22934.43
13694.0,20742.35
13098.0,19270.079999999998
17675.0,19122.05
13408.0,18563.71
15039.0,18219.83
15159.0,17452.77
12921.0,15789.32
17389.0,15575.58
13798.0,15018.77
16684.0,14702.48
16422.0,14287.32
12471.0,14181.59
14051.0,13930.9
16029.0,13682.22
15856.0,12862.22
17735.0,12857.28
15498.0,12653.75
12731.0,12594.67
12681.0,12281.61
15513.0,12246.95
13767.0,12206.72
14680.0,12171.55
12477.0,11432.99
17340.0,11324.53
12540.0,11230.07
16705.0,11097.83
12753.0,11092.15
15640.0,11065.8
15189.0,11062.23
17428.0,11047.25
14606.0,10951.17
14031.0,10950.04
14194.0,10860.51
12621.0,10791.6
12433.0,10730.61
12682.0,10447.25
14895.0,10374.19
13319.0,10364.550000000001
16839.0,10246.21
13078.0,10060.2
17581.0,10039.7
14769.0,9905.22
16133.0,9856.16
15615.0,9819.88
17139.0,9766.14
15078.0,9662.31
17706.0,9620.44
16779.0,9132.26
16013.0,9112.16
16525.0,9069.61
13458.0,9069.29
17865.0,8904.44
13777.0,8879.45
16523.0,8874.63
17107.0,8853.0
16843.0,8803.43
14367.0,8766.91
13113.0,8676.779999999999
16033.0,8588.47
12567.0,8573.62
12709.0,8366.28
13488.0,8329.01
15838.0,8307.24
12971.0,8297.08
14667.0,8287.0
14056.0,8099.2699999999995
14733.0,8094.5
15358.0,8068.29
13969.0,7931.42
12451.0,7808.79
13881.0,7773.9800000000005
14936.0,7772.88
17243.0,7759.45
14796.0,7737.6
14527.0,7700.48
16558.0,7637.25
17677.0,7598.84
14849.0,7549.06
15044.0,7365.5
12744.0,7287.75
14258.0,7249.46
12683.0,7238.43
13263.0,7226.78
13018.0,7079.93
17404.0,7069.42
13985.0,7010.13
16729.0,7007.82
17017.0,7004.92
13001.0,6967.53
13090.0,6917.8099999999995
13340.0,6883.96
15769.0,6877.36
17811.0,6858.2699999999995
12474.0,6816.16
13854.0,6656.74
15249.0,6639.16
16672.0,6573.58
14961.0,6547.28
12766.0,6487.28
15601.0,6484.01
15144.0,6477.56
18055.0,6464.74
16923.0,6460.63
15194.0,6447.25
15290.0,6443.32
12409.0,6432.65
12705.0,6409.84
16187.0,6383.14
12428.0,6377.67
18109.0,6376.67
17338.0,6372.8
16873.0,6346.34
12583.0,6340.86
14952.0,6293.91
13871.0,6283.53
15482.0,6276.24
16713.0,6226.92
16746.0,6195.73
15023.0,6184.24
15005.0,6178.95
18223.0,6149.9800000000005
16814.0,6138.15
17509.0,6083.64
18229.0,6076.6
13102.0,6017.68
12472.0,6008.99
12626.0,6001.87
17416.0,5905.4800000000005
16126.0,5896.31
18172.0,5880.74
18092.0,5878.0
13534.0,5856.13
15125.0,5844.92
12678.0,5843.24
13199.0,5826.59
14735.0,5793.54
12637.0,5783.05
15382.0,5775.57
13709.0,5744.7
15251.0,5741.79
14415.0,5733.93
12476.0,5728.34
17949.0,5709.46
13093.0,5708.11
14505.0,5678.8
14062.0,5658.97
13097.0,5647.92
13209.0,5558.57
13004.0,5556.49
13050.0,5544.8
16745.0,5524.18
13178.0,5504.41
13418.0,5496.39
12839.0,5491.67
17686.0,5472.63
14944.0,5425.39
16609.0,5420.56
17315.0,5407.82
17049.0,5338.52
17716.0,5335.99
18118.0,5329.81
13468.0,5318.33
16161.0,5311.67
15805.0,5285.92
15465.0,5276.03
13668.0,5229.26
14049.0,5222.0599999999995
12357.0,5213.78
12720.0,5211.4
14057.0,5209.8
17757.0,5198.15
14866.0,5181.59
17719.0,5141.3
12539.0,5139.35
15150.0,5133.21
18225.0,5099.82
15502.0,5083.8099999999995
18139.0,5070.92
16265.0,5024.36
18226.0,5021.94
15719.0,5020.07
16700.0,5013.69
12431.0,4975.9
16652.0,4969.91
13269.0,4948.72
14688.0,4932.72
17850.0,4927.11
14709.0,4887.02
12362.0,4858.31
14755.0,4853.34
16985.0,4845.0
12490.0,4844.64
16303.0,4833.41
15694.0,4828.51
17730.0,4820.12
14562.0,4786.22
16767.0,4778.75
15786.0,4748.5
14329.0,4729.42
12359.0,4703.63
12481.0,4694.87
13013.0,4672.89
17602.0,4659.55
17652.0,4653.43
13599.0,4615.32
16180.0,4611.92
17426.0,4610.34
15152.0,4609.19
15555.0,4600.65
14159.0,4583.47
13139.0,4577.55
16210.0,4561.71
15547.0,4559.69
12700.0,4556.76
14191.0,4555.54
12590.0,4526.29
17068.0,4517.84
16931.0,4511.69
15738.0,4494.2
15727.0,4470.24
16353.0,4452.59
14060.0,4443.02
14189.0,4431.68
17975.0,4425.02
13267.0,4416.99
17613.0,4412.56
14286.0,4408.99
17365.0,4373.52
12714.0,4365.97
14390.0,4349.45
15301.0,4348.63
17364.0,4331.87
15218.0,4318.13
16945.0,4295.28
14085.0,4247.3
16722.0,4246.03
16258.0,4216.93
14110.0,4200.71
12627.0,4200.43
14534.0,4196.17
12437.0,4179.34
12955.0,4164.0199999999995
15955.0,4129.43
12536.0,4127.61
17690.0,4109.52
12949.0,4108.92
17419.0,4108.62
14800.0,4091.19
12712.0,4073.28
14422.0,4059.22
14092.0,4055.19
14004.0,4049.06
16984.0,4037.99
17377.0,4022.87
12435.0,4019.6
15570.0,4013.21
15187.0,3998.0099999999998
16670.0,3978.96
12484.0,3976.09
16549.0,3971.25
12757.0,3971.0299999999997
17061.0,3955.88
16592.0,3954.32
12688.0,3939.62
13576.0,3934.57
12957.0,3916.17
14146.0,3907.8
14180.0,3906.5699999999997
17611.0,3896.3
12347.0,3891.06
13756.0,3888.86
13069.0,3886.4
15529.0,3885.3
12867.0,3881.7
17920.0,3881.5299999999997
16186.0,3880.44
13988.0,3879.2799999999997
13999.0,3863.09
12444.0,3856.31
15804.0,3853.23
14426.0,3848.71
17651.0,3844.18
12449.0,3837.79
15034.0,3834.4
12378.0,3822.6
17769.0,3818.41
17001.0,3811.67
12747.0,3807.0099999999998
12749.0,3796.0
12841.0,3770.81
15416.0,3757.28
13324.0,3756.37
14547.0,3745.89
14291.0,3739.55
14277.0,3739.12
17091.0,3732.7000000000003
16717.0,3717.4
15298.0,3692.4
12779.0,3691.7599999999998
14607.0,3679.8399999999997
15046.0,3667.58
15867.0,3658.98
14016.0,3656.49
12662.0,3655.69
13505.0,3654.37
16145.0,3653.01
17173.0,3643.9
17238.0,3639.43
16191.0,3628.38
16327.0,3624.87
17593.0,3622.32
14135.0,3614.85
18041.0,3612.54
12989.0,3607.35
16440.0,3597.25
13137.0,3595.41
14401.0,3592.93
12931.0,3591.44
12727.0,3590.42
15379.0,3589.57
16626.0,3587.54
13381.0,3582.73
15845.0,3579.8
13815.0,3578.1
15808.0,3575.92
16242.0,3557.9
12569.0,3557.75
16019.0,3554.84
13384.0,3552.03
17381.0,3546.39
12432.0,3539.9700000000003
15291.0,3539.01
15903.0,3532.66
15622.0,3526.93
15544.0,3517.95
13555.0,3484.7
16458.0,3480.2200000000003
15296.0,3475.46
14292.0,3472.15
16904.0,3468.17
13334.0,3467.77
13148.0,3467.14
17160.0,3463.69
17567.0,3458.84
13426.0,3454.58
13124.0,3454.24
14395.0,3453.76
16712.0,3452.04
16701.0,3448.96
17858.0,3441.96
13448.0,3438.23
14299.0,3421.95
17576.0,3417.43
16655.0,3414.37
13327.0,3396.87
13552.0,3389.46
17758.0,3384.1
12553.0,3373.66
12668.0,3369.34
14907.0,3356.32
16360.0,3351.29
14503.0,3350.82
14040.0,3330.88
14227.0,3320.01
16011.0,3319.22
13198.0,3311.8
12562.0,3306.66
17528.0,3299.39
17725.0,3281.98
15676.0,3270.33
14525.0,3269.6
15093.0,3260.28
15974.0,3256.79
13523.0,3252.46
16818.0,3250.35
16570.0,3249.7599999999998
15410.0,3248.54
12429.0,3239.93
14132.0,3226.37
13373.0,3215.95
14282.0,3209.58
15708.0,3206.06
16556.0,3200.28
14221.0,3195.81
15632.0,3187.71
18198.0,3187.66
12597.0,3184.06
14841.0,3180.78
17809.0,3180.63
13842.0,3172.0
13047.0,3169.6
12406.0,3166.62
12613.0,3154.72
13880.0,3153.41
12417.0,3151.59
13437.0,3143.36
16253.0,3139.89
17220.0,3120.07
15484.0,3117.03
12524.0,3116.96
12656.0,3114.69
13993.0,3113.91
14388.0,3108.96
15443.0,3108.34
16553.0,3103.26
16401.0,3099.2999999999997
12594.0,3096.25
12370.0,3089.67
13536.0,3084.65
13435.0,3078.08
17050.0,3072.14
14702.0,3069.08
16240.0,3061.44
17863.0,3059.92
13952.0,3058.531
17231.0,3047.15
13362.0,3040.14
15764.0,3037.83
16393.0,3036.76
14175.0,3031.8
13869.0,3026.25
13014.0,3022.58
15998.0,3017.42
16156.0,3016.54
16940.0,3011.2599999999998
13268.0,3003.62
17937.0,2998.7
13015.0,2997.61
18272.0,2994.46
15981.0,2989.92
14543.0,2985.19
16326.0,2972.42
16131.0,2968.7599999999998
13266.0,2963.8
16678.0,2956.05
17059.0,2954.87
12901.0,2954.0099999999998
14456.0,2952.39
15874.0,2949.11
13680.0,2933.98
14099.0,2930.3
12939.0,2930.18
17491.0,2929.2
15861.0,2926.97
17799.0,2918.71
13742.0,2916.04
16837.0,2915.27
12502.0,2914.52
14307.0,2909.53
14565.0,2901.39
17183.0,2898.9
15687.0,2881.52
15491.0,2872.4900000000002
15228.0,2871.87
13451.0,2869.16
16497.0,2851.54
14868.0,2850.89
15606.0,2844.7
16905.0,2840.43
15628.0,2839.42
17659.0,2828.43
18145.0,2814.85
14112.0,2813.75
14639.0,2808.21
12910.0,2807.4
17672.0,2803.57
17728.0,2803.19
14535.0,2802.2
17644.0,2781.8
17685.0,2780.03
12647.0,2772.33
16764.0,2771.45
15505.0,2766.64
16656.0,2764.38
17230.0,2762.23
12598.0,2748.88
16686.0,2740.88
16871.0,2738.4900000000002
15113.0,2733.25
13316.0,2732.07
12840.0,2726.77
17213.0,2725.83
16633.0,2723.3
15065.0,2722.23
12480.0,2713.87
15356.0,2713.37
14032.0,2713.0499999999997
12752.0,2711.88
16607.0,2711.67
14257.0,2710.08
15114.0,2709.96
16081.0,2707.21
13758.0,2703.0099999999998
14903.0,2696.58
12670.0,2691.93
12685.0,2688.58
13735.0,2680.9900000000002
13285.0,2679.32
15993.0,2678.7
13971.0,2676.96
16168.0,2672.3
15854.0,2672.17
16709.0,2669.4700000000003
13901.0,2668.21
14121.0,2665.87
15673.0,2661.35
14852.0,2649.19
15939.0,2646.2
14572.0,2643.39
14125.0,2642.73
12388.0,2642.2000000000003
15796.0,2634.41
17069.0,2633.3
14530.0,2627.24
17819.0,2626.63
15514.0,2625.53
17504.0,2624.89
14107.0,2624.29
15752.0,2613.84
13941.0,2613.44
12473.0,2611.15
14626.0,2598.95
12916.0,2594.81
14732.0,2587.59
15696.0,2586.21
16919.0,2583.1
13230.0,2575.58
13183.0,2572.44
16241.0,2570.02
13174.0,2567.36
13136.0,2559.61
14546.0,2557.78
13654.0,2557.71
15321.0,2550.4300000000003
14713.0,2550.0
13883.0,2547.68
13422.0,2544.4
13769.0,2541.15
14262.0,2529.25
17346.0,2529.18
12456.0,2524.35
17306.0,2523.76
18210.0,2522.82
18077.0,2519.61
12758.0,2517.85
17084.0,2516.29
18245.0,2515.3
12438.0,2513.48
17965.0,2513.13
14842.0,2512.44
18075.0,2509.03
13804.0,2508.95
14243.0,2508.83
18230.0,2508.7000000000003
14659.0,2506.73
14334.0,2505.31
13520.0,2496.95
13771.0,2496.61
17449.0,2495.96
17739.0,2491.67
12708.0,2488.96
12578.0,2484.01
15033.0,2483.68
16928.0,2482.55
16477.0,2481.7000000000003
18260.0,2473.41
16255.0,2462.4900000000002
17396.0,2458.84
17700.0,2457.04
18097.0,2456.2200000000003
14844.0,2454.77
13021.0,2454.01
13471.0,2453.89
17164.0,2445.65
14766.0,2444.15
15521.0,2444.0099999999998
16912.0,2443.58
17682.0,2437.47
12721.0,2436.7799999999997
13895.0,2435.73
14439.0,2430.9
12408.0,2430.85
12395.0,2426.84
13588.0,2422.55
15271.0,2416.84
12520.0,2415.66
15750.0,2413.89
13802.0,2412.46
13975.0,2412.08
15129.0,2410.97
13507.0,2398.92
14315.0,2391.63
12517.0,2384.5
17314.0,2382.2200000000003
12836.0,2381.01
14854.0,2380.71
13644.0,2379.9700000000003
14251.0,2378.44
17071.0,2376.43
16710.0,2369.53
13394.0,2365.82
17131.0,2364.97
16316.0,2363.91
17838.0,2358.55
14502.0,2353.83
18065.0,2353.05
16218.0,2350.22
13141.0,2349.9700000000003
13658.0,2344.99
12664.0,2341.59
14239.0,2337.85
12625.0,2331.07
17655.0,2321.78
13870.0,2321.14
12600.0,2320.96
14235.0,2320.7
15755.0,2317.5
14493.0,2312.05
17857.0,2307.7999999999997
13722.0,2305.89
18259.0,2301.1000000000004
15365.0,2299.62
15089.0,2296.74
15572.0,2288.73
17634.0,2283.34
17589.0,2281.84
12380.0,2279.2
15288.0,2276.92
14290.0,2274.85
14408.0,2273.28
13949.0,2272.72
17434.0,2270.71
16618.0,2270.33
17530.0,2267.22
15984.0,2266.51
15281.0,2253.51
15704.0,2253.18
13704.0,2251.92
18257.0,2250.93
15485.0,2244.07
17211.0,2240.46
13994.0,2231.34
15235.0,2227.21
17188.0,2225.35
15527.0,2219.95
16782.0,2218.55
17444.0,2217.25
17442.0,2216.58
16057.0,2214.62
14440.0,2213.98
15932.0,2212.31
12360.0,2203.5099999999998
12980.0,2200.64
16550.0,2199.3
13115.0,2199.1
13317.0,2198.73
13862.0,2196.96
15373.0,2193.26
14930.0,2188.81
13911.0,2188.25
16628.0,2188.05
18094.0,2187.2200000000003
12397.0,2186.05
14825.0,2181.61
14432.0,2176.19
13527.0,2175.78
17954.0,2174.84
16743.0,2170.41
13629.0,2169.2599999999998
13908.0,2167.15
15811.0,2166.96
16076.0,2166.33
14739.0,2159.86
17696.0,2159.09
16771.0,2156.82
16293.0,2154.79
15105.0,2149.75
16735.0,2148.51
16003.0,2147.77
14554.0,2146.94
14711.0,2144.84
14701.0,2143.54
17591.0,2143.02
15370.0,2140.25
12356.0,2138.65
14364.0,2132.93
16143.0,2124.34
13365.0,2121.67
16379.0,2119.0
12856.0,2117.33
14397.0,2094.08
12584.0,2091.0
15123.0,2090.61
15394.0,2087.84
14341.0,2087.04
13517.0,2086.46
12935.0,2084.44
14211.0,2084.4
14005.0,2081.68
15665.0,2077.83
12726.0,2072.31
14810.0,2069.33
17512.0,2067.85
13571.0,2063.18
15782.0,2060.92
14808.0,2059.69
13632.0,2059.4900000000002
12501.0,2058.9700000000003
13700.0,2054.76
17272.0,2051.49
13344.0,2045.74
14691.0,2043.03
18241.0,2042.99
15058.0,2042.19
16875.0,2042.13
16150.0,2040.62
15674.0,2036.54
18283.0,2036.43
14309.0,2035.55
12948.0,2033.79
16358.0,2027.5
13695.0,2027.05
14360.0,2026.83
14188.0,2024.2
12782.0,2020.94
17625.0,2015.9
18231.0,2013.02
13126.0,2010.67
14696.0,2009.67
18242.0,2006.17
13224.0,1999.28
17400.0,1998.26
18219.0,1997.6200000000001
13755.0,1997.17
18069.0,1996.84
17191.0,1996.47
14640.0,1996.18
15140.0,1993.21
12560.0,1992.01
17722.0,1988.56
12615.0,1988.28
16456.0,1987.6399999999999
18044.0,1987.1
16407.0,1986.48
17667.0,1985.39
13593.0,1984.03
17744.0,1982.46
14700.0,1979.94
13495.0,1968.27
18204.0,1966.4
14466.0,1965.5
13225.0,1963.78
15245.0,1958.76
17861.0,1958.23
12684.0,1957.1499999999999
14461.0,1954.79
16409.0,1950.5
17203.0,1943.02
14515.0,1942.07
12518.0,1935.99
14776.0,1932.18
12906.0,1931.41
17088.0,1930.06
17337.0,1925.46
14506.0,1924.85
15531.0,1915.94
17827.0,1915.33
17596.0,1914.08
17924.0,1913.5
15351.0,1913.3600000000001
17669.0,1912.72
17218.0,1908.68
14462.0,1908.26
14209.0,1905.81
17790.0,1905.15
14560.0,1899.51
14250.0,1897.47
12483.0,1896.82
14978.0,1893.1200000000001
12928.0,1891.06
15179.0,1887.21
17612.0,1885.79
17228.0,1884.53
15834.0,1884.37
13890.0,1879.51
15518.0,1876.68
13297.0,1875.97
14232.0,1873.93
16942.0,1871.24
12557.0,1867.58
16128.0,1861.52
17469.0,1858.97
14210.0,1858.64
14217.0,1855.08
16938.0,1853.81
14305.0,1852.31
14163.0,1851.51
15819.0,1850.49
15493.0,1849.96
15641.0,1849.06
14653.0,1847.65
16426.0,1844.43
15367.0,1842.51
16455.0,1841.18
17768.0,1840.0
15021.0,1834.92
17463.0,1833.66
14030.0,1829.29
16201.0,1827.8
12963.0,1822.3
17015.0,1820.95
13048.0,1818.84
17705.0,1815.92
15785.0,1809.09
16983.0,1804.99
14418.0,1801.59
14730.0,1801.37
15203.0,1797.96
16474.0,1797.45
13725.0,1794.6
16841.0,1794.36
13650.0,1793.44
13305.0,1792.16
13562.0,1790.75
12455.0,1783.8700000000001
13481.0,1782.86
13982.0,1782.6299999999999
12633.0,1775.63
15827.0,1775.54
15980.0,1774.42
17422.0,1773.1299999999999
16169.0,1772.3500000000001
17787.0,1770.69
15594.0,1768.16
12853.0,1765.1000000000001
12653.0,1764.79
16954.0,1764.2
18180.0,1763.8700000000001
15671.0,1763.77
12913.0,1757.69
12610.0,1755.49
16170.0,1753.35
14665.0,1751.4
14215.0,1750.74
15260.0,1750.27
14472.0,1749.19
13134.0,1748.83
13196.0,1746.28
17648.0,1745.75
13510.0,1739.85
17738.0,1738.29
13924.0,1738.05
12423.0,1737.01
17490.0,1735.09
15157.0,1734.76
17597.0,1731.77
18122.0,1731.03
14544.0,1731.0
16102.0,1727.8400000000001
15950.0,1727.56
14498.0,1727.39
14216.0,1725.0
12585.0,1724.0
18061.0,1722.3700000000001
16979.0,1722.12
17092.0,1719.2
17663.0,1715.41
14226.0,1713.99
13421.0,1713.03
17629.0,1711.1299999999999
13851.0,1708.98
14595.0,1708.05
14621.0,1706.56
17402.0,1703.62
13875.0,1702.63
17997.0,1701.74
17451.0,1699.38
15220.0,1697.06
18235.0,1693.38
17090.0,1690.07
16107.0,1689.66
14524.0,1689.38
17162.0,1686.66
16153.0,1686.13
12528.0,1684.18
13577.0,1683.55
17082.0,1682.35
13082.0,1679.13
12674.0,1678.93
12876.0,1678.67
16007.0,1674.25
14387.0,1673.75
12457.0,1673.51
14245.0,1672.25
14934.0,1664.64
15722.0,1664.6000000000001
16098.0,1661.45
16719.0,1660.51
12619.0,1659.3999999999999
12523.0,1657.83
16341.0,1655.91
15241.0,1651.73
16791.0,1648.53
13983.0,1647.39
18144.0,1647.33
12843.0,1647.08
16115.0,1646.58
12500.0,1646.0
13590.0,1644.48
17679.0,1643.43
15971.0,1640.3899999999999
14407.0,1640.1
18188.0,1639.64
17293.0,1637.91
14441.0,1637.54
12645.0,1636.28
17284.0,1636.26
12704.0,1634.49
14837.0,1634.04
13265.0,1632.16
13157.0,1631.54
16249.0,1627.93
14834.0,1625.76
15024.0,1624.78
12383.0,1620.43
17519.0,1618.92
12454.0,1618.38
15214.0,1618.02
13012.0,1615.24
16775.0,1612.06
14676.0,1607.7
17656.0,1602.65
17554.0,1599.47
14459.0,1598.12
15002.0,1597.16
15122.0,1596.93
14673.0,1595.16
12868.0,1593.8600000000001
15814.0,1593.65
17043.0,1592.9
18073.0,1590.0
14970.0,1589.76
16813.0,1588.86
13184.0,1587.93
15549.0,1586.06
13808.0,1583.06
17086.0,1582.85
13850.0,1578.38
18178.0,1576.55
17147.0,1574.26
15660.0,1573.78
14178.0,1571.96
12635.0,1568.26
14719.0,1567.69
13186.0,1567.25
13450.0,1565.24
12607.0,1564.51
15826.0,1564.41
15067.0,1563.98
14038.0,1560.38
16332.0,1559.2
12371.0,1558.51
12377.0,1556.02
16987.0,1554.1
15111.0,1553.28
13149.0,1552.78
17406.0,1552.04
14918.0,1549.8500000000001
16992.0,1549.46
16496.0,1549.36
15791.0,1549.31
18179.0,1541.55
18239.0,1541.31
17813.0,1540.77
14759.0,1540.17
17870.0,1538.71
15332.0,1538.56
16790.0,1537.72
14587.0,1536.29
16283.0,1535.27
13313.0,1534.92
16515.0,1534.91
17085.0,1532.25
13320.0,1532.2
13162.0,1530.55
15172.0,1529.4
18161.0,1528.75
16466.0,1525.5900000000001
15953.0,1524.78
12381.0,1523.86
16244.0,1522.75
13456.0,1522.67
12877.0,1521.3400000000001
14312.0,1519.08
13831.0,1516.87
16748.0,1515.9
16889.0,1515.2
17159.0,1513.06
15240.0,1512.39
17673.0,1511.53
12669.0,1509.6799999999998
15380.0,1509.5800000000002
13849.0,1508.25
13764.0,1507.47
13634.0,1506.81
18287.0,1504.4199999999998
13647.0,1504.22
15620.0,1501.76
14101.0,1500.55
16369.0,1497.58
15906.0,1497.29
16676.0,1495.98
12865.0,1492.49
16638.0,1492.22
12909.0,1492.2
12764.0,1491.68
13824.0,1491.5
16817.0,1487.0
12393.0,1484.7
13814.0,1482.42
16902.0,1480.27
16279.0,1478.14
15392.0,1477.45
15050.0,1475.21
16152.0,1474.78
15701.0,1474.25
17873.0,1472.75
16910.0,1472.71
12826.0,1468.34
15532.0,1468.33
14655.0,1468.25
12398.0,1467.21
14336.0,1466.23
16801.0,1464.43
14285.0,1462.77
16681.0,1462.1
14567.0,1460.76
12762.0,1459.85
16398.0,1459.82
14306.0,1459.66
15265.0,1455.62
14704.0,1454.69
13614.0,1453.71
17837.0,1452.38
16434.0,1452.05
14541.0,1442.55
13309.0,1440.35
14937.0,1438.18
16016.0,1437.11
16880.0,1436.84
16059.0,1436.71
12352.0,1434.74
14608.0,1433.15
14321.0,1433.09
14246.0,1432.14
12759.0,1430.19
12937.0,1430.07
13110.0,1429.72
17204.0,1428.66
15530.0,1427.9
15681.0,1425.76
12947.0,1424.63
15916.0,1424.01
17063.0,1423.98
16996.0,1423.16
15128.0,1422.62
14573.0,1421.44
13659.0,1420.28
17590.0,1416.3
12407.0,1415.99
14145.0,1415.7000000000003
17073.0,1412.11
14748.0,1411.11
13159.0,1406.5
16755.0,1405.96
13213.0,1401.6200000000001
13425.0,1401.56
14442.0,1401.52
14878.0,1400.89
12405.0,1400.81
13627.0,1400.09
13477.0,1399.12
17750.0,1398.52
16103.0,1396.4
15444.0,1395.36
16503.0,1393.93
16395.0,1393.55
14740.0,1393.31
13397.0,1392.8500000000001
16173.0,1392.27
13995.0,1391.69
15237.0,1391.32
18079.0,1390.43
15427.0,1389.61
16539.0,1388.81
12530.0,1388.63
12783.0,1386.44
14443.0,1386.32
15858.0,1385.07
17133.0,1384.92
15106.0,1383.72
16463.0,1381.28
16066.0,1379.08
14267.0,1376.84
17083.0,1375.64
14404.0,1374.76
15983.0,1374.19
16271.0,1373.09
15032.0,1368.7
15625.0,1367.6
15596.0,1367.09
12349.0,1363.55
17002.0,1362.99
18167.0,1360.8600000000001
13631.0,1356.22
15426.0,1356.12
16726.0,1355.84
15134.0,1355.19
16571.0,1354.15
13475.0,1353.92
14482.0,1353.9
17676.0,1351.26
14071.0,1350.36
15810.0,1349.48
15453.0,1349.02
18202.0,1344.49
15815.0,1343.32
17571.0,1342.28
14116.0,1339.47
18116.0,1338.09
18173.0,1337.9
13630.0,1337.8799999999999
16245.0,1337.48
15398.0,1333.93
18093.0,1333.82
18177.0,1332.55
12886.0,1331.14
12912.0,1327.1
15563.0,1326.61
17633.0,1323.84
12882.0,1321.7
14741.0,1320.64
13107.0,1320.64
17372.0,1319.68
16045.0,1318.3
15411.0,1315.83
12952.0,1315.3700000000001
17932.0,1312.67
14901.0,1311.62
16669.0,1308.12
16110.0,1307.7
14001.0,1306.14
15270.0,1301.99
17671.0,1300.03
14921.0,1299.17
17101.0,1298.5700000000002
15051.0,1297.46
17095.0,1297.36
15680.0,1296.62
14859.0,1296.14
16348.0,1295.75
14229.0,1295.04
17193.0,1294.78
14897.0,1292.48
13717.0,1292.03
14409.0,1291.03
15059.0,1290.03
17313.0,1289.68
14414.0,1288.22
16101.0,1286.65
14758.0,1286.6
13396.0,1283.82
13538.0,1280.85
14035.0,1280.37
18016.0,1280.17
16929.0,1278.93
13168.0,1278.69
12775.0,1278.19
14649.0,1277.79
14963.0,1277.2
16012.0,1276.11
13246.0,1273.55
13308.0,1273.39
15136.0,1272.2
17368.0,1271.17
14511.0,1270.56
13492.0,1269.84
12576.0,1269.25
16295.0,1266.97
17037.0,1266.82
17802.0,1264.34
12919.0,1263.55
15057.0,1263.04
14738.0,1261.95
12424.0,1261.68
12620.0,1260.69
17702.0,1260.21
13813.0,1258.51
13501.0,1257.32
12463.0,1256.78
13784.0,1256.45
16053.0,1254.93
16224.0,1252.66
15341.0,1252.44
16040.0,1251.6200000000001
16333.0,1247.48
17412.0,1247.38
17054.0,1245.98
15116.0,1245.69
17175.0,1244.7
14794.0,1244.16
14916.0,1243.08
16899.0,1241.86
14105.0,1241.71
17019.0,1241.53
15146.0,1239.79
15478.0,1239.32
16317.0,1237.37
14297.0,1237.01
15009.0,1235.33
16744.0,1233.66
13232.0,1233.54
17158.0,1233.07
16951.0,1230.49
16688.0,1224.34
12526.0,1223.56
15494.0,1222.74
14047.0,1220.83
15910.0,1220.43
16842.0,1220.3899999999999
14669.0,1219.56
16493.0,1219.05
16639.0,1217.06
13860.0,1213.27
13878.0,1213.06
16464.0,1211.41
17288.0,1210.75
16370.0,1210.01
12854.0,1208.99
17350.0,1206.02
15117.0,1205.22
13692.0,1204.9
14591.0,1204.12
17828.0,1203.36
12364.0,1202.61
14533.0,1201.6
13208.0,1200.55
14507.0,1200.13
15108.0,1199.25
13158.0,1198.96
17481.0,1197.77
12372.0,1197.24
14684.0,1191.96
17754.0,1191.59
14698.0,1191.22
13931.0,1190.13
15611.0,1187.84
15376.0,1187.66
14893.0,1186.79
16653.0,1186.56
14434.0,1185.8
13055.0,1185.31
16531.0,1184.85
16612.0,1184.3600000000001
13491.0,1184.14
14019.0,1179.77
13118.0,1176.66
14745.0,1176.58
16794.0,1175.86
15605.0,1173.33
14233.0,1172.76
12412.0,1172.3700000000001
12689.0,1172.31
12488.0,1168.51
12657.0,1168.13
17320.0,1166.7
14447.0,1163.23
17774.0,1156.3
17621.0,1155.5
18263.0,1153.68
15813.0,1150.01
15145.0,1149.8799999999999
15201.0,1149.04
15737.0,1147.53
16042.0,1145.47
16762.0,1144.14
17058.0,1142.99
14856.0,1139.07
15812.0,1138.82
12494.0,1137.65
14857.0,1137.62
18171.0,1137.53
12646.0,1137.29
16389.0,1134.24
17731.0,1133.01
13572.0,1132.42
13500.0,1131.39
17584.0,1129.2
16766.0,1128.6
17410.0,1128.44
12885.0,1128.32
15630.0,1127.85
14383.0,1126.99
17930.0,1126.0
17961.0,1125.54
16182.0,1125.4099999999999
17505.0,1125.24
16172.0,1125.11
15004.0,1124.09
12967.0,1123.5
12985.0,1121.1
17302.0,1119.53
17311.0,1118.71
15306.0,1118.03
13447.0,1117.8400000000001
14875.0,1116.64
13310.0,1116.13
13564.0,1115.02
12676.0,1114.59
16184.0,1113.51
13151.0,1112.47
14913.0,1112.25
12997.0,1111.1
14129.0,1110.8600000000001
18168.0,1110.74
15095.0,1109.65
13772.0,1109.48
13330.0,1108.91
16807.0,1108.54
15730.0,1106.2
16833.0,1106.03
13486.0,1105.41
12769.0,1103.6
17562.0,1102.74
14723.0,1102.26
17800.0,1101.8600000000001
14276.0,1100.24
14487.0,1097.6299999999999
16350.0,1096.79
16225.0,1094.77
14410.0,1093.77
13611.0,1093.6000000000001
18125.0,1092.97
17348.0,1092.41
18189.0,1089.94
16800.0,1089.02
16086.0,1086.81
15069.0,1086.38
17047.0,1085.25
15898.0,1082.53
13652.0,1082.32
14948.0,1081.89
17894.0,1081.36
13282.0,1079.54
15227.0,1079.06
15933.0,1077.08
12857.0,1076.2
17720.0,1075.9
13715.0,1074.8700000000001
17609.0,1073.48
12830.0,1073.28
17919.0,1072.56
16711.0,1071.49
15745.0,1070.79
13882.0,1070.75
13761.0,1070.65
15088.0,1070.42
14113.0,1070.12
12710.0,1069.57
14161.0,1068.47
14428.0,1066.95
16365.0,1065.63
14261.0,1064.52
13635.0,1064.03
13610.0,1063.18
12611.0,1060.54
15436.0,1060.45
15978.0,1059.4
12630.0,1056.78
13064.0,1056.45
17277.0,1056.25
15801.0,1056.0
12951.0,1055.17
13431.0,1054.5
13591.0,1053.43
13521.0,1052.93
16049.0,1051.51
14419.0,1050.29
17727.0,1048.9
12546.0,1048.3500000000001
14293.0,1046.56
14737.0,1046.19
16918.0,1045.72
12643.0,1045.42
17242.0,1045.04
13467.0,1044.01
15073.0,1043.41
16200.0,1043.17
17041.0,1041.67
15489.0,1040.88
14078.0,1040.77
15839.0,1040.67
14561.0,1037.18
16533.0,1035.09
15500.0,1034.22
14971.0,1034.16
16094.0,1031.43
16520.0,1029.72
16394.0,1028.5
15841.0,1027.5
16637.0,1026.15
18130.0,1024.53
16728.0,1024.48
12609.0,1023.74
13131.0,1023.5
16320.0,1023.26
15706.0,1022.91
14898.0,1022.61
17042.0,1021.67
14352.0,1019.5600000000001
14817.0,1018.24
17724.0,1018.0
13744.0,1015.7099999999999
17585.0,1015.1
16950.0,1014.76
14154.0,1012.47
12640.0,1012.13
12936.0,1010.7
18221.0,1010.53
12354.0,1005.32
15329.0,1005.0
12828.0,1004.21
12534.0,1003.78
15734.0,1003.45
17770.0,1002.42
16175.0,1001.39
15987.0,1001.0600000000001
17405.0,999.96
18143.0,999.66
13728.0,998.94
12716.0,998.84
15608.0,995.14
15602.0,995.05
12823.0,994.5
17594.0,993.18
17526.0,993.1
13235.0,992.77
17646.0,992.2900000000001
13752.0,990.13
14446.0,989.6
17470.0,988.89
13763.0,987.52
16229.0,986.3
15712.0,983.76
14824.0,982.11
17197.0,981.31
15996.0,979.58
12514.0,979.48
14083.0,979.07
13867.0,977.59
14214.0,976.88
13032.0,976.78
16572.0,976.3000000000001
13743.0,976.28
17096.0,976.01
14584.0,975.86
17126.0,974.42
12724.0,974.11
12358.0,971.86
13455.0,971.34
13719.0,969.33
14583.0,966.01
15062.0,965.98
14138.0,965.8800000000001
13853.0,965.24
17100.0,965.24
16188.0,962.86
16083.0,962.6
13138.0,962.39
12462.0,962.38
16270.0,960.9399999999999
14465.0,960.24
14223.0,959.65
13956.0,958.85
16214.0,958.25
16281.0,957.4
15763.0,953.97
16416.0,953.3
13476.0,952.97
14256.0,951.76
15192.0,951.28
15434.0,950.73
16085.0,950.5699999999999
13155.0,949.91
15948.0,948.74
12994.0,948.12
15449.0,947.98
14828.0,945.1200000000001
14403.0,944.97
15716.0,944.91
12446.0,944.41
16209.0,944.09
15421.0,943.98
14775.0,943.9
18237.0,943.28
16009.0,943.01
15658.0,942.7
16120.0,941.4399999999999
15508.0,940.97
16062.0,940.72
14540.0,936.11
14920.0,936.09
12820.0,933.76
14346.0,932.13
13823.0,931.96
14514.0,931.3000000000001
12399.0,931.3
13117.0,929.79
12849.0,928.89
17214.0,927.72
17287.0,927.36
17289.0,926.97
14140.0,926.5699999999999
12722.0,925.8
14532.0,924.35
15947.0,924.14
13429.0,923.6800000000001
15071.0,921.67
14389.0,920.33
14064.0,915.98
16809.0,914.69
17522.0,914.18
14411.0,912.8000000000001
15156.0,912.49
13461.0,912.4599999999999
15787.0,911.91
13934.0,911.5999999999999
14141.0,910.83
17004.0,910.43
16934.0,910.03
17097.0,909.57
15312.0,909.5500000000001
13192.0,908.84
13038.0,908.36
17552.0,908.15
17323.0,906.52
18192.0,906.37
16376.0,906.29
15464.0,904.1
15707.0,903.78
12599.0,903.48
15835.0,903.09
15860.0,902.46
13636.0,901.22
12842.0,901.2
13122.0,900.53
13655.0,899.99
12572.0,898.42
15807.0,897.9
12642.0,897.56
13363.0,896.42
17144.0,895.53
14289.0,894.0600000000001
14475.0,893.95
16232.0,893.38
15506.0,892.68
14359.0,892.03
14629.0,890.66
14712.0,890.21
17527.0,889.87
15253.0,888.76
16714.0,887.91
13410.0,887.86
15132.0,887.63
17018.0,887.3
15104.0,887.0600000000001
13549.0,886.8
13499.0,885.47
13376.0,885.01
15977.0,884.91
16907.0,884.31
13782.0,884.1899999999999
14931.0,883.83
14081.0,882.92
13515.0,882.52
15255.0,882.25
18236.0,882.24
12822.0,881.38
14102.0,881.3299999999999
16359.0,881.24
14708.0,880.1899999999999
14224.0,878.1
14075.0,877.68
14449.0,877.51
17048.0,877.03
15822.0,876.47
15985.0,876.24
17027.0,875.91
13261.0,875.9
14240.0,875.34
14625.0,874.9300000000001
12679.0,874.64
16513.0,874.59
14631.0,872.98
15497.0,872.7
13037.0,871.27
17386.0,870.74
15907.0,870.62
13819.0,869.9300000000001
13979.0,869.87
12545.0,868.6899999999999
12815.0,867.91
15066.0,867.59
16511.0,867.4300000000001
12541.0,866.83
14164.0,866.3199999999999
13294.0,866.04
12550.0,865.58
17236.0,865.58
18170.0,865.51
17109.0,864.34
15799.0,862.13
14577.0,859.71
15864.0,858.1800000000001
13566.0,855.34
12878.0,854.99
16361.0,854.31
14231.0,852.41
16070.0,852.15
15238.0,851.7
16900.0,851.13
16966.0,851.0699999999999
16121.0,850.3100000000001
13846.0,850.26
17566.0,849.52
17537.0,847.49
14623.0,847.15
17649.0,847.09
12691.0,846.5
15076.0,845.35
12794.0,844.91
15747.0,843.79
14488.0,843.72
12652.0,840.13
17704.0,839.7900000000001
15480.0,839.2
15511.0,839.18
17007.0,837.13
15832.0,836.79
16108.0,836.02
15208.0,835.72
14770.0,834.62
12717.0,833.18
17624.0,831.93
13662.0,831.76
15211.0,831.46
16644.0,830.78
13203.0,830.66
17169.0,830.28
16877.0,830.12
16924.0,829.89
12516.0,829.61
13104.0,828.92
13681.0,827.83
12940.0,827.51
16657.0,826.53
16554.0,826.3
14193.0,824.59
14657.0,823.67
16980.0,822.72
14015.0,822.38
13835.0,821.57
13350.0,820.77
17829.0,820.24
16266.0,820.1899999999999
15407.0,819.24
16235.0,818.86
17921.0,818.68
18096.0,816.7
17075.0,816.47
13339.0,815.52
17064.0,815.0
12680.0,814.7099999999999
15022.0,813.69
15027.0,813.65
14862.0,813.06
17618.0,812.83
14421.0,812.71
14715.0,812.22
13940.0,811.32
17723.0,811.3000000000001
13810.0,810.96
16419.0,810.1
15164.0,809.28
17135.0,809.1899999999999
14499.0,808.44
13509.0,808.41
16020.0,807.11
15110.0,806.3
12739.0,804.99
15965.0,804.57
15364.0,804.2900000000001
16221.0,803.9
16092.0,803.26
12434.0,803.14
15644.0,802.54
16460.0,802.17
16560.0,801.76
12379.0,800.79
14904.0,800.2
16284.0,799.87
17457.0,799.67
12713.0,798.9
17115.0,798.82
17703.0,798.74
16347.0,798.58
13221.0,798.36
17588.0,795.82
13750.0,795.14
13991.0,792.82
13637.0,792.7
17244.0,792.53
15133.0,791.66
15749.0,791.44
16438.0,790.85
12510.0,790.6899999999999
13200.0,790.03
17033.0,789.68
15399.0,789.25
12458.0,788.14
13280.0,787.26
16869.0,786.38
13075.0,786.3499999999999
16367.0,785.95
16494.0,785.03
13336.0,784.69
13109.0,784.64
18136.0,784.23
16747.0,783.46
15289.0,781.76
14344.0,780.28
16584.0,778.2
18228.0,776.9
13389.0,776.71
15862.0,775.86
13639.0,775.56
16949.0,774.9
15239.0,774.11
12847.0,773.89
15618.0,773.751
17411.0,773.42
13516.0,772.49
12697.0,772.0
15865.0,771.43
17006.0,770.73
16164.0,770.58
12693.0,770.11
12464.0,769.4
15079.0,768.51
15199.0,768.4
12772.0,767.42
17764.0,763.65
16600.0,763.4399999999999
17797.0,761.43
15743.0,761.36
15473.0,760.5
16054.0,760.13
13314.0,759.64
18265.0,759.41
17759.0,758.67
16943.0,756.53
13918.0,756.46
15952.0,756.23
13884.0,755.4
14332.0,754.83
18104.0,754.64
14815.0,754.64
17317.0,754.52
16222.0,753.9
17929.0,753.9
12965.0,753.56
16759.0,752.71
15679.0,752.08
13016.0,751.59
13220.0,751.09
14976.0,750.41
17114.0,749.5699999999999
14883.0,748.81
13211.0,748.62
14550.0,747.21
12770.0,746.8499999999999
12950.0,746.48
14050.0,746.36
15414.0,746.21
13583.0,745.91
17180.0,745.23
17282.0,745.14
12694.0,743.37
15599.0,743.04
16037.0,743.02
15568.0,741.29
15252.0,740.78
12701.0,740.41
15806.0,740.38
14672.0,740.26
12628.0,740.21
17425.0,739.67
16682.0,739.64
13341.0,738.75
16470.0,738.34
12924.0,737.3000000000001
12728.0,735.93
15074.0,735.67
14662.0,734.63
13094.0,734.36
15581.0,734.13
15576.0,732.92
15654.0,732.82
13753.0,732.76
13730.0,732.4
14234.0,732.14
16099.0,731.9
13354.0,731.83
16725.0,731.5
16806.0,731.21
13370.0,730.59
15533.0,728.72
17653.0,728.69
13212.0,728.28
14923.0,728.0
15990.0,727.51
15777.0,726.11
15656.0,725.9499999999999
13720.0,725.45
16891.0,725.08
14778.0,724.86
13575.0,724.27
16216.0,724.1800000000001
16770.0,724.1
15621.0,723.83
13707.0,721.71
18248.0,721.6800000000001
15636.0,720.76
13328.0,720.5799999999999
17516.0,718.4
13989.0,717.66
13375.0,717.42
12781.0,716.35
16546.0,715.75
17262.0,715.4
13356.0,713.59
17076.0,713.0699999999999
14790.0,712.8
15855.0,712.24
12535.0,712.05
17461.0,711.8
13416.0,711.7
13035.0,711.64
17521.0,711.63
17152.0,710.6600000000001
17179.0,710.29
14127.0,709.71
15353.0,708.82
16205.0,708.21
12453.0,707.09
17692.0,706.5
16491.0,706.02
17695.0,705.7
17034.0,705.47
16261.0,705.44
17979.0,704.87
17848.0,704.79
15561.0,703.6899999999999
12427.0,703.13
15525.0,703.07
16362.0,703.04
16036.0,702.74
15197.0,702.01
17387.0,701.15
14756.0,700.86
17886.0,700.64
16309.0,700.57
13726.0,700.56
15215.0,700.49
15757.0,699.79
17642.0,699.79
13236.0,699.62
17466.0,699.28
14644.0,699.26
14869.0,699.0
13165.0,698.98
16449.0,698.39
17974.0,697.59
17472.0,697.39
16730.0,697.03
12422.0,696.01
14867.0,695.68
14009.0,695.51
13323.0,694.35
13900.0,694.3000000000001
12465.0,694.29
12413.0,693.9
12394.0,692.97
16260.0,692.39
15584.0,691.8100000000001
12778.0,691.73
16624.0,691.6
12425.0,691.02
16023.0,691.01
13077.0,690.77
18085.0,689.95
14179.0,689.92
14597.0,689.38
15274.0,689.3100000000001
13030.0,688.99
15272.0,687.85
15800.0,687.59
17227.0,687.52
16882.0,687.12
12735.0,686.72
14959.0,685.28
13601.0,684.92
14412.0,684.87
16859.0,684.52
16136.0,684.52
14829.0,683.33
16043.0,683.24
13799.0,682.86
15075.0,682.85
17734.0,682.1
13736.0,681.75
14935.0,681.72
15223.0,681.15
12612.0,681.0400000000001
15582.0,679.9100000000001
17796.0,679.45
13167.0,677.67
16364.0,677.49
12925.0,677.0699999999999
13040.0,676.99
12421.0,676.86
15951.0,675.22
16212.0,674.84
14880.0,673.79
16567.0,673.54
17409.0,673.25
14522.0,672.8
16563.0,672.38
16041.0,671.84
17397.0,671.3100000000001
17462.0,671.1899999999999
14201.0,670.1800000000001
12883.0,669.9200000000001
12475.0,669.05
12461.0,669.03
13748.0,668.9499999999999
12468.0,668.94
17502.0,666.64
12723.0,666.52
14553.0,666.46
15333.0,666.22
13464.0,665.88
13893.0,665.8
14744.0,664.78
18156.0,664.54
15569.0,664.31
15700.0,663.48
14628.0,663.46
13950.0,663.31
15322.0,663.3
12616.0,663.1
13607.0,662.0600000000001
17733.0,661.4300000000001
18196.0,661.08
14198.0,659.9
16551.0,659.34
15038.0,659.1899999999999
12838.0,659.1
18082.0,658.42
12418.0,658.3
16696.0,657.9000000000001
14045.0,657.8
14504.0,656.86
16127.0,656.25
13623.0,656.15
16146.0,655.93
16000.0,655.46
13355.0,655.4
17341.0,654.4
13596.0,653.91
16480.0,653.03
12658.0,652.7
17105.0,652.53
14788.0,652.06
13838.0,651.62
13240.0,650.5
16573.0,650.3100000000001
18121.0,648.3
17812.0,648.16
17560.0,647.47
17373.0,646.92
13023.0,646.6
13430.0,646.53
17777.0,646.01
18062.0,645.66
14451.0,643.8
15626.0,642.9
15045.0,642.86
14006.0,642.57
17874.0,642.06
15297.0,641.84
17779.0,641.17
13524.0,640.48
16079.0,640.48
13929.0,640.3499999999999
17198.0,640.12
14222.0,640.0699999999999
16621.0,639.82
13741.0,638.23
16357.0,638.08
16642.0,637.49
13258.0,637.23
16014.0,637.1800000000001
14894.0,637.0500000000001
16708.0,636.63
17884.0,636.28
13034.0,636.27
18151.0,635.75
16208.0,635.46
16139.0,635.41
17324.0,634.93
14020.0,634.6999999999999
16774.0,634.32
14150.0,634.14
14754.0,633.65
14128.0,633.45
15244.0,631.37
13496.0,631.23
15677.0,631.23
13028.0,631.12
18160.0,631.0600000000001
15384.0,630.91
12942.0,630.9
15492.0,630.5799999999999
14803.0,630.4499999999999
16444.0,630.17
17749.0,629.34
17321.0,629.01
13388.0,628.6
15574.0,628.49
17883.0,628.04
16015.0,627.29
15571.0,627.06
14651.0,626.7
14664.0,625.74
17459.0,623.73
15182.0,622.75
12374.0,622.68
13548.0,622.16
13963.0,621.28
13402.0,621.03
12577.0,620.75
16825.0,620.28
13951.0,620.09
16613.0,618.59
17990.0,618.34
13914.0,618.22
16134.0,618.09
17951.0,617.36
13329.0,616.68
14720.0,616.61
16660.0,615.73
15053.0,615.53
13238.0,615.36
14356.0,615.13
15831.0,614.6
16469.0,613.52
12507.0,613.52
17985.0,612.95
16306.0,612.73
14152.0,612.71
17398.0,612.38
14036.0,612.25
15028.0,612.17
16383.0,612.13
17299.0,611.55
16969.0,611.5
13518.0,610.58
13253.0,610.0
14636.0,609.85
16056.0,609.15
17460.0,609.13
13933.0,608.7900000000001
15103.0,607.26
16160.0,606.52
17994.0,606.15
13301.0,605.39
15648.0,604.3
13414.0,604.12
13325.0,603.9
16311.0,603.38
16431.0,602.28
13539.0,600.96
17761.0,600.24
17507.0,600.08
14710.0,599.38
14481.0,599.11
12624.0,598.63
13546.0,598.09
16732.0,597.37
15829.0,597.12
14021.0,597.1
15669.0,596.88
15645.0,596.71
18183.0,596.37
16141.0,595.5
18211.0,595.47
16734.0,595.26
16268.0,594.6
16325.0,594.14
13318.0,594.0799999999999
16442.0,593.18
13959.0,593.09
16203.0,592.9
16788.0,592.84
16495.0,592.81
15643.0,591.9
14692.0,591.55
12719.0,591.5
14044.0,591.07
16022.0,590.93
15587.0,590.76
12673.0,590.58
14882.0,589.7
13029.0,589.6999999999999
13169.0,588.58
15205.0,588.4399999999999
14973.0,588.15
12944.0,587.41
16718.0,587.27
12556.0,587.21
14108.0,586.61
18022.0,586.19
13417.0,586.08
17664.0,585.94
14557.0,585.92
17351.0,585.65
14323.0,584.86
15258.0,584.56
13558.0,584.37
13026.0,584.1999999999999
18232.0,583.27
17888.0,582.54
17146.0,581.88
12872.0,581.87
16418.0,581.57
16116.0,581.18
15651.0,580.84
14855.0,580.55
17119.0,580.48
14467.0,580.21
15275.0,580.14
15147.0,579.8
17515.0,579.72
17545.0,579.47
14284.0,579.35
13731.0,579.19
15372.0,579.02
13888.0,578.72
17540.0,578.7
12695.0,578.1
14593.0,577.6999999999999
15031.0,577.51
15366.0,577.13
17423.0,576.61
17259.0,576.55
15795.0,576.51
15830.0,575.8
16005.0,575.61
13759.0,575.4300000000001
15720.0,575.32
15100.0,574.5999999999999
14023.0,574.57
13925.0,574.3299999999999
14643.0,573.41
18217.0,573.13
13357.0,572.85
13487.0,572.4
12649.0,571.94
13276.0,571.83
12478.0,571.14
13379.0,571.06
12513.0,570.74
14965.0,570.29
14905.0,570.25
17890.0,570.19
16384.0,569.8
12589.0,569.38
16140.0,568.72
12707.0,568.62
14675.0,568.58
17499.0,568.0
14176.0,567.9000000000001
14529.0,567.81
15232.0,567.36
15339.0,566.75
18150.0,566.58
15762.0,566.45
12521.0,564.53
13243.0,564.52
14133.0,563.64
15624.0,563.63
16298.0,562.1
13811.0,562.0
16174.0,561.43
17420.0,561.13
17360.0,560.84
17014.0,560.4300000000001
14753.0,560.15
14273.0,559.97
12933.0,559.02
14725.0,558.58
12654.0,558.48
13368.0,558.47
15969.0,558.0
12410.0,557.53
16916.0,557.06
13233.0,556.76
13557.0,556.56
16750.0,556.28
14167.0,555.09
14220.0,554.66
17503.0,553.25
16385.0,553.0600000000001
16933.0,553.03
14338.0,551.54
12348.0,551.31
16654.0,550.82
12420.0,550.11
14592.0,549.89
15550.0,549.83
15573.0,549.39
17864.0,548.4
14912.0,548.21
15655.0,548.07
14818.0,548.0
15821.0,547.76
15304.0,546.8
12363.0,546.5
16535.0,546.45
17265.0,545.91
13705.0,545.17
13822.0,544.24
15303.0,544.22
17235.0,543.46
12638.0,542.97
17856.0,542.84
17447.0,541.53
17557.0,541.41
13868.0,541.2
13046.0,541.16
17637.0,539.5600000000001
12818.0,539.17
13800.0,537.32
16667.0,537.08
13405.0,536.701
13292.0,536.23
16380.0,536.17
12426.0,536.03
16206.0,535.51
14805.0,534.45
16230.0,533.43
15433.0,533.3
13311.0,532.97
13427.0,532.7
15068.0,532.12
18035.0,531.35
17062.0,531.28
13939.0,531.11
14177.0,530.86
15793.0,530.81
13617.0,530.52
17934.0,529.72
14342.0,528.98
14034.0,528.59
14539.0,528.14
15415.0,526.71
15402.0,525.71
15267.0,524.9399999999999
16275.0,523.12
17329.0,523.11
16185.0,522.96
14645.0,522.51
15315.0,522.28
17295.0,521.1
15756.0,520.71
15400.0,520.6
14891.0,520.36
15181.0,520.26
13721.0,520.24
17623.0,520.0500000000001
16157.0,519.49
12743.0,519.33
17905.0,519.29
13643.0,519.14
13044.0,518.47
15299.0,518.31
15452.0,517.6800000000001
15919.0,517.04
17520.0,516.43
16536.0,516.22
17867.0,515.88
14382.0,515.79
13049.0,515.58
17806.0,515.57
12631.0,513.9
16602.0,513.2
16804.0,512.14
12866.0,511.92
17480.0,511.82
12571.0,511.21
16561.0,511.02
15539.0,510.96
18043.0,510.59
16142.0,510.34
13812.0,510.25
13563.0,510.22
17454.0,510.03000000000003
17631.0,509.38
16031.0,508.9
15417.0,508.8
18205.0,508.46
15467.0,508.38
14820.0,507.09000000000003
16340.0,506.78
14474.0,506.15999999999997
16960.0,505.5
16811.0,503.75
14851.0,502.95
14871.0,501.28000000000003
12390.0,500.69
15149.0,500.6
15246.0,500.35
14317.0,500.33
13278.0,500.03
15809.0,499.79
13894.0,499.06
17429.0,498.86
15797.0,498.55
16211.0,498.22
16614.0,497.59000000000003
14618.0,495.94
17290.0,495.81
13816.0,495.47
13147.0,495.00000000000006
16352.0,494.44
15406.0,494.28000000000003
12479.0,493.95
12667.0,493.73
13953.0,493.18
12987.0,492.85
17374.0,492.67
13732.0,491.86
16706.0,491.05
16233.0,490.68
17354.0,490.63
17495.0,490.41
15142.0,490.16
15171.0,490.1
17333.0,490.05
14873.0,489.78
12784.0,489.27
13247.0,489.02000000000004
13885.0,488.6
16072.0,488.24
15300.0,488.24
16898.0,488.23
17980.0,487.76
14002.0,486.84999999999997
14885.0,486.28
16650.0,485.76
16751.0,485.64
13385.0,485.57
13675.0,484.3
14396.0,483.89
12559.0,483.40999999999997
12991.0,483.36
14450.0,483.25
17453.0,482.41999999999996
15000.0,482.02
15344.0,481.24
15891.0,480.78999999999996
16345.0,480.71000000000004
15091.0,480.51
15882.0,480.36
17555.0,480.26
13865.0,480.06
15081.0,479.1
16863.0,478.92
12988.0,478.62
18252.0,478.07
15006.0,477.23
12601.0,476.81
16566.0,476.68
16915.0,476.19
13000.0,476.01
16603.0,475.46
18159.0,474.95
14158.0,474.86
14270.0,474.85
14320.0,474.79
17053.0,474.48
13005.0,474.4
14265.0,474.28
16763.0,473.35
16135.0,473.25
15448.0,472.64
17361.0,472.6
17897.0,472.11
16997.0,471.9
13892.0,471.89
17345.0,471.69
18149.0,471.38
13390.0,471.08
14496.0,471.01
15193.0,470.84
16122.0,470.62
16008.0,470.2
16955.0,470.02
17046.0,469.72
12644.0,469.51
18176.0,468.75
15165.0,468.55
15721.0,468.39
16892.0,467.79
15963.0,467.76
18095.0,467.75
12811.0,467.25
14477.0,466.96
14205.0,466.7
15780.0,466.68
14896.0,466.27000000000004
14147.0,466.09999999999997
16038.0,465.78000000000003
16820.0,465.73
16368.0,464.51
13116.0,464.34
15026.0,464.13
15535.0,464.0
12793.0,463.73
17418.0,463.46000000000004
15589.0,463.43
16586.0,463.35
12808.0,462.6
15507.0,462.46
14331.0,462.36
16504.0,461.19
15468.0,460.61
16906.0,459.44
14497.0,459.27
16589.0,459.24
13531.0,459.1
15754.0,458.57
14077.0,458.53999999999996
18135.0,458.45
16163.0,458.29999999999995
16643.0,457.21000000000004
17950.0,457.19
15469.0,457.15
16518.0,456.77
13092.0,456.67
18123.0,456.32
14013.0,455.86
14130.0,455.61
15585.0,455.3
16529.0,455.25
14489.0,455.08
16374.0,454.93
14236.0,454.78000000000003
17712.0,453.90999999999997
12447.0,453.84
14377.0,453.55
18158.0,453.4
18216.0,453.4
13248.0,452.8
17880.0,452.42
15877.0,452.2
16824.0,452.04
17564.0,451.01
12904.0,450.65999999999997
16989.0,449.85
13398.0,449.26
13579.0,447.84
14400.0,446.08
12436.0,445.91
14335.0,445.46999999999997
15109.0,445.45
13485.0,444.74
16693.0,444.71
12384.0,444.67
17579.0,444.55
13506.0,444.14
16256.0,443.73
16475.0,443.05
17966.0,442.86
16885.0,441.86
15092.0,440.61
15475.0,440.10999999999996
16025.0,439.65999999999997
13066.0,439.35
16574.0,439.34
15471.0,439.13
14149.0,438.02
15349.0,437.71
16616.0,437.42
12816.0,437.35
17370.0,436.96
13928.0,436.87
16968.0,436.33
14431.0,435.86
12787.0,435.69
14638.0,435.4
18071.0,434.7
14780.0,434.68
15121.0,432.87
17298.0,432.7
12596.0,432.61
16236.0,432.2
16805.0,431.69
16084.0,430.38
14184.0,430.28999999999996
12827.0,430.15000000000003
16109.0,429.84
17964.0,429.62
15230.0,429.6
12391.0,429.24
16034.0,429.2
15360.0,427.93
12729.0,427.91
14093.0,427.76
14022.0,426.7
18008.0,426.69
15930.0,426.63
14910.0,425.35
15957.0,424.39
15553.0,424.38
15287.0,424.05
12414.0,423.86
17666.0,423.62
13984.0,423.29
15646.0,423.20000000000005
13260.0,422.91999999999996
17525.0,422.70000000000005
15976.0,422.49
17035.0,422.33
17658.0,422.0
15450.0,421.74
16884.0,421.54
13176.0,420.69
15206.0,420.29999999999995
12945.0,419.25
12809.0,419.06
17232.0,417.77
13615.0,417.69
15551.0,417.66
17630.0,417.2
16816.0,417.06
13889.0,416.90000000000003
12976.0,416.7
14687.0,416.18
17955.0,416.15
17970.0,415.89
14029.0,415.76
14014.0,415.7
14157.0,415.65000000000003
12740.0,415.6
15725.0,415.25
13602.0,415.03000000000003
12504.0,414.9
12993.0,414.76
12802.0,414.48
16404.0,414.35
13166.0,414.2
17483.0,414.04
13140.0,413.87
13974.0,413.59000000000003
16834.0,413.46
14757.0,412.40000000000003
16780.0,412.14
12592.0,411.7
16272.0,411.7
16957.0,410.64
12491.0,409.90000000000003
15225.0,409.3
14470.0,409.09
16795.0,409.08
15036.0,409.0
12930.0,408.98
17701.0,408.95
15018.0,408.56
14958.0,408.22999999999996
18222.0,407.88
14272.0,407.63
16812.0,406.95
16119.0,406.86
14348.0,406.57
14048.0,405.31
16768.0,404.99
17040.0,404.83
14620.0,404.68
16319.0,404.40000000000003
16324.0,403.69
12579.0,403.17
18036.0,403.12
12564.0,402.75
17134.0,402.7
16018.0,401.75
18218.0,401.7
12990.0,401.7
14998.0,400.52
18106.0,400.5
15342.0,399.59
15889.0,399.27
13473.0,399.02
12593.0,399.0
12833.0,398.98
13359.0,398.01
14463.0,398.01
12508.0,397.88
12922.0,397.58
12824.0,397.12
16239.0,397.0
13594.0,396.97
12580.0,396.59999999999997
16838.0,396.15
15639.0,395.71999999999997
12763.0,395.47999999999996
18164.0,395.35
16354.0,394.8
17431.0,394.8
14301.0,394.68
17486.0,393.87
15264.0,393.74
16484.0,393.7
15186.0,393.57
15967.0,393.53
15012.0,393.39
15557.0,393.26
17371.0,393.2
17375.0,393.18
14670.0,392.86
14853.0,392.7
16010.0,392.4
12999.0,392.08
15994.0,391.77
13954.0,390.92
18074.0,390.7
15695.0,390.7
13338.0,389.92
12591.0,389.7
15456.0,389.45
16250.0,389.44
16947.0,389.18
12725.0,388.7
17052.0,388.56
17830.0,388.5
12493.0,388.29
13358.0,387.9
17913.0,387.79
15386.0,387.64
14420.0,387.52
14173.0,387.44
17508.0,387.31
16629.0,387.19
16488.0,387.1
16198.0,386.88100000000003
12970.0,386.87
12982.0,386.64
18154.0,386.28999999999996
12375.0,386.08
14000.0,385.44
17595.0,385.19
17711.0,385.1
14538.0,385.05
16204.0,384.18
16982.0,384.06
18034.0,383.92
17189.0,383.65000000000003
12639.0,383.45
16399.0,383.44
15837.0,383.33
15440.0,383.23
12832.0,383.03
13873.0,382.2
15883.0,382.08
14600.0,382.03000000000003
13587.0,381.94
13874.0,381.35
15881.0,380.79
17438.0,380.45000000000005
15768.0,380.13
17614.0,380.02
14997.0,379.92
14619.0,379.84000000000003
15938.0,379.48
15048.0,379.4
14055.0,379.24
15127.0,379.03
15429.0,378.92
13171.0,378.31
18067.0,378.18
13245.0,378.15
17936.0,377.63
14288.0,377.5
16671.0,377.37
17239.0,376.5
15184.0,376.4
14304.0,375.95
16858.0,375.69000000000005
16441.0,375.65
12498.0,375.05
12890.0,374.82
15090.0,374.82
13936.0,374.68
17392.0,374.27
14333.0,374.1
14731.0,373.45
14681.0,373.1
17357.0,372.89
13821.0,372.59
17489.0,372.44
12981.0,372.21999999999997
16321.0,372.15000000000003
13833.0,372.15
17031.0,372.03
13300.0,371.89
13827.0,371.65
17379.0,371.54
13899.0,371.32
15975.0,371.01
17138.0,370.7
16930.0,369.91
13085.0,369.68
14888.0,369.2
15472.0,368.56
12879.0,368.34
12582.0,368.0
17999.0,367.59000000000003
12452.0,367.37
17869.0,367.18
17432.0,365.76
16716.0,365.70000000000005
16776.0,365.04
18001.0,364.84
16689.0,363.46
14594.0,363.23
17926.0,363.05
16378.0,362.95
18155.0,362.38
16532.0,362.18
15664.0,362.13
14950.0,361.8
17492.0,361.67
13844.0,361.62
16305.0,361.21999999999997
13656.0,361.13
16207.0,361.08
15949.0,360.52
12895.0,360.4
17573.0,360.36
16903.0,360.2
17358.0,359.26
15522.0,359.15
14886.0,358.8
17250.0,358.67
16595.0,358.66
15025.0,358.46
18181.0,358.2
17765.0,357.98
12538.0,357.95
17911.0,357.78000000000003
13919.0,357.21
18040.0,357.1
13673.0,356.94
15098.0,356.85
13657.0,356.49
13791.0,356.46
13352.0,356.42999999999995
16723.0,356.19
17958.0,355.86
14537.0,355.56
13291.0,355.31
14690.0,355.05
12792.0,354.94
15592.0,354.7
13817.0,354.33
18142.0,354.1
14195.0,353.90000000000003
14111.0,353.84999999999997
17674.0,353.22
16278.0,352.68
14139.0,352.64
16823.0,352.38
16202.0,352.37
16999.0,352.36
15870.0,351.39
17223.0,351.34
16147.0,351.22
13173.0,351.13
13923.0,351.03000000000003
14171.0,350.69
12617.0,349.98
13670.0,349.7
12733.0,349.65
13976.0,349.4
15334.0,349.32
13927.0,348.99
17044.0,348.92
16065.0,348.39
16159.0,348.2
14379.0,348.1
13497.0,348.05
14967.0,347.8
12863.0,347.62
16052.0,347.48
15840.0,347.18
13332.0,346.85
16552.0,346.77000000000004
16372.0,346.43
16485.0,345.95
18006.0,345.28000000000003
16499.0,345.25
14067.0,344.99
13453.0,344.97999999999996
13043.0,344.84
17252.0,344.41
15678.0,344.38
17931.0,344.18
16978.0,344.13
13887.0,343.55
17849.0,343.3
17142.0,343.25
15885.0,343.05
14427.0,342.34000000000003
13649.0,342.3
13345.0,341.95
12690.0,341.15999999999997
13052.0,339.57
16769.0,339.39
12527.0,338.96000000000004
17330.0,338.9
16183.0,338.71000000000004
13774.0,338.5
14528.0,338.32
17523.0,337.4
16826.0,337.4
13930.0,337.34
15900.0,337.28
15047.0,337.24
15789.0,336.4
18056.0,335.95
14633.0,335.7
16063.0,335.32
12915.0,335.25
15343.0,335.2
15901.0,334.99
15652.0,334.74
17973.0,334.40000000000003
12448.0,334.25
15918.0,334.23
15713.0,334.2
12544.0,333.6
13727.0,333.48
16851.0,333.21
16625.0,333.08
15466.0,333.03
14902.0,332.66
13904.0,332.64
13351.0,332.39
16803.0,332.3
13589.0,332.1
17697.0,332.05
15099.0,332.04
15345.0,331.79
14804.0,331.67
13372.0,331.29
17078.0,331.18
12532.0,330.73
17795.0,330.33
14988.0,330.24
15130.0,330.11
14264.0,329.92
18250.0,329.77
12373.0,329.65
17569.0,329.57
15781.0,329.56
18276.0,329.36
16423.0,329.22
14012.0,328.8
17222.0,328.65
15213.0,328.35
16030.0,328.34
16850.0,328.21000000000004
14491.0,327.83
17862.0,327.6
17878.0,327.51
15922.0,327.40000000000003
14870.0,327.25
18081.0,326.85
15158.0,326.72
17917.0,326.53
15363.0,326.0
12844.0,325.96000000000004
18078.0,325.93
16830.0,325.91
13569.0,325.77
13210.0,325.76
14850.0,325.7
15520.0,325.64000000000004
12403.0,325.6
14126.0,325.36
13153.0,325.32000000000005
13091.0,325.28
17736.0,325.04
12365.0,324.84000000000003
15847.0,324.75
16071.0,324.64
15597.0,324.57
13321.0,324.3
16322.0,323.75
15579.0,323.55
13255.0,323.51
14024.0,323.4
15115.0,323.31
12888.0,323.12
18261.0,322.74
16478.0,322.6
12497.0,322.39
15942.0,321.84
14517.0,321.75
16318.0,321.65
16509.0,321.6
15314.0,321.59000000000003
18251.0,321.1
16343.0,321.08
15236.0,321.05
15714.0,321.03000000000003
14622.0,320.58000000000004
15224.0,320.18
15424.0,319.74
16855.0,319.6
14206.0,319.56
16243.0,319.35
18246.0,319.14
12795.0,319.08
17157.0,319.0
14703.0,318.17
17839.0,318.15
18066.0,318.0
16685.0,317.86
12355.0,317.8
13737.0,317.55
15880.0,317.53000000000003
17229.0,317.26
13740.0,317.21
15243.0,316.68
17458.0,316.5
17976.0,316.44
12552.0,316.37
14479.0,316.25
17835.0,315.72
16366.0,315.7
13145.0,315.41
16091.0,315.06
17237.0,314.69
16758.0,314.59000000000003
16473.0,314.51
16227.0,314.22
15970.0,314.1
13484.0,313.8
13801.0,313.7
17513.0,313.03999999999996
18127.0,312.73
14484.0,312.68
16967.0,312.64
15030.0,312.56
13239.0,312.4
12834.0,312.38
17154.0,312.36
16177.0,312.15
16450.0,311.92
15326.0,311.71
14327.0,311.65
13897.0,311.16
15872.0,310.25
15247.0,310.1
14339.0,309.52
14142.0,308.77
14823.0,308.63
13699.0,308.58000000000004
13946.0,308.49
12566.0,308.32
12614.0,308.1
16698.0,308.1
13343.0,307.83
13706.0,307.79
16627.0,307.71999999999997
14729.0,307.69
13790.0,307.56
13060.0,307.53
13494.0,307.02000000000004
16810.0,306.54
18059.0,306.46
15766.0,306.46
17604.0,306.36
12648.0,306.0
16796.0,305.62
13045.0,305.28000000000003
15120.0,305.24
16193.0,305.07
15318.0,304.92
17640.0,304.88
16123.0,304.78
16781.0,304.75
15010.0,304.64
16217.0,304.25
18112.0,303.93
15163.0,303.21
16739.0,303.09999999999997
12350.0,302.85
13990.0,302.72
16425.0,302.5
12754.0,302.38
16674.0,302.29
17506.0,302.2
15054.0,302.1
17094.0,302.0
12519.0,301.99
17353.0,301.59999999999997
14248.0,301.38
15667.0,301.32
14847.0,301.3
15148.0,301.29
17070.0,301.24
14747.0,300.7
18194.0,300.56
12953.0,300.3
17433.0,300.15999999999997
16909.0,300.14
17248.0,299.95
18053.0,299.92
17510.0,299.88
12790.0,299.82
16297.0,299.7
18215.0,299.34000000000003
16292.0,299.25
14915.0,298.88
13863.0,298.68
13955.0,298.46
16386.0,298.22
17678.0,298.11
12852.0,297.95
15659.0,297.95
16668.0,297.48
17668.0,297.34999999999997
17531.0,296.7
16479.0,296.68
17732.0,296.57
14114.0,296.53
17025.0,296.51
13932.0,296.2
16274.0,295.84999999999997
15153.0,295.76
14555.0,295.64
16400.0,295.43
15623.0,295.03
14932.0,294.98
13083.0,294.95
13479.0,294.95
15381.0,294.54999999999995
13667.0,294.45
17124.0,294.24
14762.0,294.02
13642.0,293.13
17163.0,293.1
14212.0,293.02
14500.0,292.85
17742.0,292.81
16721.0,292.47
14951.0,292.40999999999997
15308.0,292.39
17912.0,292.09
17914.0,292.08
13449.0,291.88
12489.0,291.83
17266.0,291.58
17176.0,290.83
17691.0,290.40000000000003
17551.0,290.29
17120.0,290.15999999999997
16125.0,289.35
15221.0,289.35
13502.0,289.0
15396.0,287.78
15732.0,287.74
15545.0,287.32
17788.0,287.05
13760.0,286.79
13718.0,286.25
13395.0,286.15999999999997
12623.0,286.0
17805.0,285.93
16555.0,285.89
13504.0,285.83
17123.0,285.8
15609.0,285.68
14513.0,285.67
15060.0,285.65
17636.0,285.56
17255.0,285.34
14311.0,285.16
15944.0,285.1
17362.0,284.73
13304.0,284.54
17615.0,284.4
17501.0,284.3
14947.0,284.27
16648.0,284.15999999999997
12515.0,283.75
13745.0,283.74
17783.0,283.42
14656.0,283.2
14350.0,282.93
14416.0,282.58
13177.0,282.45
17267.0,282.2
14985.0,281.93
18185.0,281.85
17221.0,281.67
14660.0,281.59
16848.0,281.42
14549.0,281.14
16593.0,280.83
13439.0,280.81
12715.0,280.26
13787.0,280.11
14779.0,280.0
16276.0,279.7
12386.0,279.65999999999997
13121.0,279.53
16948.0,279.2
13108.0,279.12
14480.0,279.05
12603.0,278.84999999999997
13780.0,278.51
18117.0,278.13
17045.0,277.84
17081.0,277.71
15921.0,277.3
13803.0,277.07
15355.0,277.05
17384.0,276.9
13708.0,276.45
12650.0,276.24
15699.0,276.05
16956.0,275.74
13434.0,275.24
15254.0,275.16
15107.0,275.05
13259.0,274.53
15405.0,274.29999999999995
16342.0,274.21
13142.0,274.03
12703.0,274.0
14953.0,273.93
18064.0,273.68
18024.0,273.68
16104.0,272.71
17172.0,272.38
13544.0,271.71
16402.0,271.65
13466.0,271.54
16526.0,271.46
17767.0,271.2
15825.0,270.94
17011.0,270.9
16808.0,270.42
13027.0,270.40000000000003
13242.0,270.40000000000003
18270.0,270.25
14954.0,270.2
15675.0,270.11
16897.0,270.03
13058.0,269.90000000000003
18190.0,269.86
17251.0,269.68
13533.0,269.09
13917.0,269.04
15204.0,269.03999999999996
14242.0,268.95
17694.0,268.82
12750.0,268.68
12871.0,268.44
15279.0,268.27
14616.0,267.48
13845.0,267.32
16149.0,267.1
16451.0,266.97
14863.0,266.76
12873.0,266.5
16917.0,266.46
18108.0,266.4
14068.0,265.75
14548.0,265.2
14987.0,265.2
17968.0,265.1
14448.0,264.95000000000005
13062.0,264.51
12785.0,264.35
14460.0,263.88
16313.0,263.75
17708.0,263.28
15912.0,263.12
15857.0,263.0
13973.0,262.8
15219.0,262.65000000000003
17786.0,262.55
17403.0,262.42
13573.0,262.23
14162.0,261.96
15523.0,260.76
15517.0,260.63
14716.0,260.43
17254.0,260.39
17824.0,260.28
13347.0,260.21
17760.0,259.72
17866.0,259.65
17496.0,259.55
16936.0,259.5
17430.0,259.26
15556.0,259.21999999999997
13127.0,259.17
15803.0,258.86
15894.0,258.25
16883.0,257.98
12962.0,257.79
13227.0,257.7
12917.0,257.40000000000003
15442.0,257.40000000000003
13626.0,257.23
15774.0,257.05
13529.0,256.76
17415.0,256.74
17247.0,256.49
15143.0,256.45
16048.0,256.44
13272.0,256.36
16727.0,256.32
13369.0,256.23
14761.0,255.9
17464.0,255.74
16413.0,255.7
15261.0,254.82
16430.0,254.65
17385.0,254.61
18240.0,254.28000000000003
14508.0,254.25
13249.0,254.2
15689.0,254.1
13837.0,254.09
16761.0,252.84
13404.0,252.49
15346.0,252.42000000000002
14908.0,252.29999999999998
14887.0,251.42
14501.0,251.21
15019.0,251.21
15577.0,250.28
13207.0,250.26000000000002
13441.0,250.22
14784.0,249.91000000000003
15277.0,249.51999999999998
12558.0,249.16
13711.0,249.06
14452.0,249.05
16557.0,248.85
13061.0,248.61
17190.0,248.11
15097.0,248.08
17140.0,248.01999999999998
17312.0,247.82
13689.0,247.7
18072.0,247.44
17854.0,246.76
15210.0,246.56
15759.0,246.23999999999998
16778.0,245.84
17771.0,245.81
17498.0,245.62
13512.0,245.41
13277.0,245.2
17388.0,244.96
16027.0,244.71
12604.0,244.63
15385.0,244.5
16500.0,244.31
16596.0,244.15
12492.0,244.11
14765.0,243.93
16793.0,243.74
17334.0,243.64000000000001
15634.0,243.55
13806.0,243.48000000000002
13103.0,243.33999999999997
16024.0,242.59
14819.0,242.37
17793.0,241.68
17456.0,241.46
17303.0,241.44
17550.0,240.66
16181.0,240.64
15598.0,240.58
13565.0,240.22
15087.0,239.82000000000002
17051.0,239.39000000000001
15063.0,239.2
13606.0,239.17
12561.0,238.85
15035.0,237.95000000000002
16510.0,237.7
13754.0,237.5
15408.0,237.28
15154.0,237.07999999999998
17226.0,236.89
16215.0,236.8
13570.0,236.49
15286.0,236.3
16026.0,236.09
14647.0,236.04000000000002
14881.0,236.01999999999998
17080.0,235.85999999999999
14375.0,235.56
13886.0,235.46
14512.0,234.77999999999997
17684.0,234.41
18193.0,234.26
16961.0,234.17
15457.0,234.07
13348.0,233.76
16583.0,233.45
16302.0,233.22
18009.0,232.49
18213.0,232.48000000000002
15393.0,231.86
13489.0,231.85999999999999
17908.0,231.60999999999999
12797.0,231.48
17201.0,231.26
16427.0,231.06
16105.0,230.86
16756.0,230.8
16545.0,230.40000000000003
13960.0,230.22
16601.0,230.2
16926.0,229.65
12812.0,229.64000000000001
13008.0,229.46999999999997
16117.0,229.10999999999999
15619.0,229.10000000000002
12660.0,229.05
14793.0,228.99
13146.0,228.91
13070.0,228.8
13187.0,228.57
14995.0,228.28
16527.0,228.06
16528.0,227.41
15850.0,227.28
15773.0,227.07999999999998
15776.0,226.62
17860.0,226.45000000000002
14079.0,226.42
14586.0,226.36
16619.0,226.21
12672.0,225.89999999999998
14624.0,225.85
17877.0,225.61
16445.0,224.96
13217.0,224.4
15690.0,224.1
16471.0,223.95000000000002
16753.0,223.87
14052.0,223.76
17572.0,223.75000000000003
14357.0,223.62
14929.0,223.57999999999998
15637.0,223.36
17534.0,223.36
14473.0,223.24
14196.0,223.21999999999997
17339.0,223.12
13189.0,222.14
14598.0,221.97
15361.0,221.95999999999998
13382.0,221.49
16226.0,221.24
13419.0,221.06
15649.0,221.0
13079.0,220.10000000000002
12732.0,219.21
15783.0,219.14
15175.0,219.0
13986.0,218.82
13592.0,218.66
13474.0,218.54
15724.0,218.25
15014.0,218.07
16392.0,217.89
12798.0,217.88
15483.0,217.33
16080.0,217.16
17789.0,217.0
15604.0,216.39
17171.0,216.31
17436.0,216.29999999999998
12718.0,216.15
13858.0,216.07
17580.0,215.72
15096.0,215.34
16777.0,215.32
13786.0,215.1
14570.0,215.06
16315.0,214.67
17278.0,214.54
17619.0,214.37
16846.0,214.32
15973.0,214.06
15554.0,213.9
17153.0,213.78
14241.0,213.70000000000002
16591.0,213.5
15119.0,213.5
18101.0,213.4
17111.0,212.9
15790.0,212.9
17892.0,212.75
12402.0,212.5
13411.0,212.05
16356.0,211.77
16411.0,211.7
14960.0,211.65
15703.0,211.5
13271.0,211.49
14658.0,211.1
13621.0,210.89
12430.0,210.85
16692.0,210.60000000000002
13532.0,210.31
13525.0,209.85999999999999
13503.0,209.85
15462.0,209.6
12702.0,209.45000000000002
16971.0,208.96
18212.0,208.76999999999998
17514.0,208.6
16447.0,208.51
15460.0,208.41
16338.0,208.29999999999998
16998.0,208.1
15528.0,207.53
17855.0,207.47
17166.0,206.34
16634.0,206.3
13349.0,205.77
17670.0,205.7
18005.0,205.27
15758.0,205.25
15320.0,205.02
17125.0,204.99
17977.0,204.73999999999998
18165.0,204.7
14764.0,204.6
17206.0,204.24
17843.0,203.98
17891.0,203.85999999999999
16836.0,203.11
16179.0,202.93
14381.0,202.68
16690.0,202.57999999999998
14385.0,202.11
17376.0,201.7
13428.0,201.68
17889.0,201.27
13295.0,201.10000000000002
17256.0,201.0
18126.0,200.92000000000002
13805.0,200.45999999999998
16895.0,200.27
17693.0,200.26999999999998
15437.0,200.10999999999999
13262.0,199.89
15593.0,199.8
13322.0,199.48000000000002
13493.0,199.32
17291.0,198.9
17616.0,198.89999999999998
13859.0,198.11
16096.0,198.07
18110.0,197.8
16415.0,197.60999999999999
16017.0,197.38
16829.0,197.22
15101.0,196.83
13856.0,196.74
15185.0,196.6
13065.0,196.56
12574.0,196.35
16482.0,196.2
17194.0,195.82
16647.0,195.8
15319.0,195.70000000000002
15739.0,195.64
16587.0,195.45
15540.0,195.36
18114.0,195.05
12586.0,194.99
15866.0,194.89
17475.0,194.37
15307.0,194.25
15925.0,194.25
14523.0,193.8
15198.0,193.64
16847.0,193.44
14924.0,193.4
17383.0,193.39000000000001
16582.0,192.84
15234.0,192.82
16866.0,192.73999999999998
14768.0,192.60000000000002
13723.0,192.35000000000002
16887.0,192.32999999999998
13669.0,192.31
14666.0,192.25
14727.0,192.07999999999998
17608.0,191.99
14100.0,191.95000000000002
15909.0,191.94
13792.0,191.5
14476.0,191.5
13739.0,191.4
13926.0,191.35000000000002
15692.0,191.04
13284.0,190.99
14087.0,190.63
13033.0,190.55
15746.0,190.5
13972.0,190.25
14789.0,189.74
13762.0,189.62
13663.0,189.47
16641.0,189.42000000000002
14801.0,189.29
14830.0,188.88
17010.0,188.86
15612.0,188.6
14984.0,188.47
12831.0,188.45
13685.0,187.57999999999998
13298.0,187.5
15330.0,187.06
12581.0,186.66
17155.0,186.4
13672.0,186.39000000000001
15723.0,186.2
14566.0,186.16
13568.0,185.55
18169.0,185.45
14752.0,185.42
17343.0,185.14
13482.0,184.64
17680.0,184.4
16433.0,184.26
15327.0,184.25
16178.0,183.9
16680.0,183.5
13460.0,183.44
12361.0,183.35
13828.0,183.27
17928.0,182.6
17574.0,181.15
16124.0,181.0
16835.0,180.85
18191.0,180.6
14722.0,178.92000000000002
15262.0,178.85
14966.0,178.82
16620.0,178.76
13778.0,178.7
17879.0,178.51999999999998
16457.0,178.46
18045.0,178.29
14975.0,178.27
17356.0,178.22
17233.0,177.8
18280.0,177.60000000000002
16403.0,177.5
17660.0,177.25
13072.0,177.15
12893.0,176.55
15041.0,176.43
12897.0,175.9
16519.0,175.77999999999997
14082.0,175.75
15683.0,175.04999999999998
13980.0,175.02
16189.0,174.98
13600.0,174.82
15139.0,174.78
12450.0,174.78
15222.0,174.71999999999997
14424.0,174.46
14355.0,174.4
16448.0,174.39000000000001
13751.0,174.15
15454.0,174.1
18278.0,173.9
16594.0,173.74
14798.0,173.74
14551.0,173.58
17817.0,173.57999999999998
13513.0,173.54999999999998
15565.0,173.16
15670.0,173.05
13436.0,172.69
15368.0,172.24
16330.0,171.86
18274.0,171.62
17245.0,171.45
13560.0,171.42000000000002
15432.0,171.19
12522.0,170.66
16965.0,170.63
15412.0,170.56
17987.0,170.47
15335.0,170.17000000000002
13826.0,169.9
12923.0,169.82
17187.0,169.73
16097.0,169.54999999999998
14218.0,169.48000000000002
13618.0,169.36
17947.0,169.18
12547.0,168.7
18269.0,168.6
18099.0,168.31
18273.0,168.3
12551.0,168.0
18119.0,167.91
15920.0,167.0
15124.0,166.93
17542.0,166.9
12509.0,166.75
17904.0,166.47
14295.0,166.20000000000002
17650.0,166.08
13978.0,166.07
15016.0,165.64
18013.0,165.17
13470.0,165.0
17367.0,164.6
17535.0,164.4
14552.0,164.22
12588.0,164.14999999999998
12441.0,164.0
12845.0,163.99
16832.0,163.35
14569.0,163.29
16914.0,163.26
13603.0,163.24
18030.0,162.85
16976.0,162.76
17253.0,162.71
16517.0,162.7
14287.0,162.47
14697.0,162.25
18014.0,162.22
16432.0,162.12
15733.0,162.1
15325.0,161.74
16927.0,161.69
17603.0,161.62
15292.0,161.39
17301.0,161.29
14485.0,161.25
17553.0,161.20000000000002
16715.0,160.76
13645.0,160.6
18146.0,160.35000000000002
16282.0,159.8
17737.0,159.74
13710.0,159.3
12573.0,159.04000000000002
18010.0,159.0
18224.0,158.95000000000002
18203.0,158.87
18147.0,158.76
15167.0,158.75
17772.0,158.6
17988.0,158.57
15348.0,158.04
12622.0,157.65
18088.0,157.38
17969.0,157.37
17118.0,157.02
14585.0,157.0
14860.0,156.98
17128.0,156.94
17561.0,156.87
14601.0,156.46
15263.0,156.41
14326.0,156.35
17885.0,156.29
12966.0,156.13
12884.0,155.95
13229.0,155.95
13898.0,155.82999999999998
17165.0,155.68
15007.0,155.41
17698.0,154.95
17978.0,154.76
14059.0,154.7
17205.0,154.66
18282.0,154.47
16406.0,154.35
12641.0,154.25
16921.0,154.18
15438.0,154.03
15986.0,153.94
16351.0,153.9
15886.0,153.77
17781.0,153.62
17832.0,153.47
13059.0,153.25
15904.0,153.18
18004.0,153.12
15458.0,153.06
14423.0,153.0
17714.0,153.0
16248.0,152.94
14813.0,152.68
12995.0,152.62
12442.0,152.51
12367.0,152.21
13514.0,152.20000000000002
14536.0,152.04999999999998
16952.0,151.96
13922.0,151.67
13462.0,151.5
17286.0,151.32
13697.0,151.29999999999998
14073.0,151.04
14208.0,150.64
13937.0,150.35
18200.0,150.35
15717.0,150.3
16932.0,150.23000000000002
16337.0,150.05
17600.0,149.57
17344.0,149.52
18262.0,149.48
15820.0,149.48
16872.0,148.72
17984.0,148.38
18138.0,148.3
17582.0,147.77
14968.0,147.54
14098.0,147.35
14037.0,147.20000000000002
14362.0,147.2
13598.0,147.14000000000001
12736.0,146.76999999999998
13420.0,146.75
13712.0,146.7
15447.0,146.57
16720.0,146.57
12602.0,146.12
12565.0,145.92
16861.0,145.82
15226.0,145.81
12618.0,145.76
17935.0,145.74
17898.0,145.68
13866.0,145.67000000000002
14199.0,145.39999999999998
15937.0,145.35
17517.0,145.34
14406.0,145.25
14204.0,145.06
16598.0,145.04999999999998
17524.0,145.0
15052.0,144.73
17871.0,144.68
14089.0,144.45
12738.0,144.2
14109.0,144.2
13216.0,144.14
13678.0,144.06
18042.0,144.05
17110.0,143.7
16773.0,143.57
15852.0,143.51
16893.0,142.93
15748.0,142.86
17500.0,142.85
15435.0,142.74
14782.0,142.60000000000002
15888.0,142.51
17279.0,142.43
14386.0,142.3
12920.0,141.88
14041.0,141.41
13962.0,141.25
14799.0,140.9
15388.0,140.54
16505.0,140.4
17030.0,140.39
13483.0,140.34
14520.0,140.18
14578.0,140.11
14806.0,139.97
13690.0,139.75
14066.0,139.65
15043.0,139.62
14494.0,139.56
18058.0,139.56
15503.0,139.49
17234.0,139.39000000000001
14518.0,139.22
18209.0,139.10000000000002
15135.0,139.05
14368.0,139.0
15988.0,138.52
14238.0,138.45
17899.0,138.45
17122.0,138.32
13716.0,138.28
13279.0,137.75
14483.0,137.1
17468.0,137.0
15740.0,136.94
16190.0,136.72
14237.0,136.6
14354.0,136.32
13273.0,136.07999999999998
16412.0,135.99
18017.0,135.98
14889.0,135.9
16114.0,135.75000000000003
15269.0,135.70000000000002
17859.0,135.42000000000002
16462.0,135.2
16144.0,135.2
17331.0,135.2
16113.0,134.98000000000002
14772.0,134.96
13364.0,134.95999999999998
13584.0,134.9
13809.0,134.85
14340.0,134.7
15945.0,134.5
12817.0,134.49
12968.0,134.45
15663.0,134.24
13299.0,133.5
14349.0,133.45
17881.0,133.35000000000002
12974.0,133.3
16213.0,133.2
14174.0,132.96
12512.0,132.18
14438.0,131.9
17785.0,131.89
15895.0,131.83
12829.0,131.79999999999998
15174.0,131.55
14795.0,131.45000000000002
15042.0,131.18
17718.0,130.75
14693.0,129.9
16611.0,129.49
14247.0,129.47
16623.0,129.45
15869.0,128.76
17455.0,128.7
15160.0,128.66
15276.0,128.57999999999998
17212.0,127.45
15526.0,127.44
16752.0,127.39999999999999
16461.0,127.37
16287.0,127.30000000000001
16112.0,127.22
15578.0,127.1
17268.0,127.03999999999999
17578.0,126.97999999999999
15543.0,126.36
14964.0,126.21000000000001
13522.0,125.80000000000001
15844.0,125.74
14890.0,125.65
16679.0,125.45
14280.0,125.44
16565.0,125.4
17297.0,125.13
16424.0,125.06
17148.0,124.88
15257.0,124.69999999999999
17647.0,124.36
15463.0,124.24000000000001
16569.0,124.2
15017.0,124.08
14495.0,123.8
18048.0,123.53
16658.0,123.24
13561.0,122.20999999999998
16828.0,121.95
17972.0,121.89
12851.0,121.80999999999999
16414.0,121.75
12902.0,121.58
13003.0,121.55000000000001
16986.0,121.41999999999999
13182.0,121.18
16483.0,121.05
15512.0,121.0
17446.0,120.9
14039.0,120.3
17181.0,120.26
13244.0,120.14
16617.0,120.05
18015.0,120.03
14259.0,120.0
16542.0,119.62
14413.0,119.55
13002.0,119.44999999999999
16666.0,118.98
16050.0,118.86
17079.0,118.80000000000001
14155.0,118.75
16849.0,118.57
14453.0,118.43
15897.0,118.09
16988.0,117.77
13781.0,117.74000000000001
16959.0,117.35000000000001
15923.0,117.06
13223.0,117.0
12837.0,116.9
14581.0,116.4
15935.0,116.39
14165.0,115.99
13876.0,115.7
15350.0,115.65
15705.0,115.6
14143.0,115.5
13067.0,115.46000000000001
18027.0,115.31
17117.0,114.6
17654.0,114.45
17852.0,114.34
17219.0,114.23
14148.0,114.2
15347.0,114.10000000000001
14861.0,114.05000000000001
13638.0,114.03999999999999
12651.0,114.0
17601.0,113.91
13581.0,113.60000000000001
17946.0,113.58
17217.0,113.5
15266.0,113.3
16852.0,113.21000000000001
14689.0,112.8
13519.0,112.75
13161.0,112.65
13807.0,112.6
15610.0,112.46000000000001
12587.0,112.45
17038.0,112.4
17940.0,112.19
18105.0,111.98000000000002
12881.0,111.25
14652.0,111.18
14104.0,111.16
14582.0,111.11
15709.0,110.99000000000001
16055.0,110.80000000000001
15853.0,110.8
16665.0,110.75
16963.0,110.55000000000001
13017.0,110.5
14641.0,110.46
12734.0,110.39999999999999
18277.0,110.38
17836.0,110.21000000000001
14076.0,110.17
15280.0,109.72
14271.0,109.32
17967.0,109.27
16363.0,109.16
14699.0,109.13000000000001
15836.0,109.11999999999999
14345.0,108.97999999999999
17556.0,108.9
16697.0,108.4
16106.0,108.38
18129.0,108.25
17957.0,108.21
18120.0,108.15
13188.0,108.05000000000001
17923.0,107.9
16323.0,107.9
12938.0,107.75999999999999
16784.0,107.6
15395.0,107.35000000000001
13170.0,106.91
16757.0,106.83000000000001
13508.0,106.67
15168.0,106.56
17791.0,106.1
15843.0,106.05000000000001
14632.0,105.98
16581.0,105.84
14962.0,105.7
17900.0,105.65
14314.0,105.44
13133.0,105.3
15419.0,105.02
17549.0,104.96000000000001
14027.0,104.82
15775.0,104.8
12929.0,104.75
15607.0,104.66
16792.0,104.58
15958.0,104.35
12531.0,103.72
13193.0,103.58
17548.0,103.3
18255.0,103.3
14542.0,103.25
14972.0,103.17
17274.0,102.84
15917.0,102.8
17639.0,102.45
14836.0,102.44999999999999
15537.0,102.42
13226.0,102.41
17359.0,102.36
14981.0,102.12
13948.0,102.0
15445.0,101.9
14053.0,101.81
16516.0,101.69999999999999
15567.0,101.42999999999999
16006.0,101.4
18086.0,101.34
18011.0,101.28999999999999
14457.0,101.14
16344.0,101.10000000000001
16498.0,100.97
14946.0,100.9
17427.0,100.8
14371.0,100.5
17746.0,100.15
12956.0,99.52
17939.0,99.14
17643.0,99.05
16247.0,99.05
18080.0,98.8
15691.0,98.8
15256.0,98.45
17962.0,98.00999999999999
15374.0,98.0
15422.0,97.7
12984.0,97.5
17325.0,96.8
15216.0,96.6
17024.0,95.85
14046.0,95.81
15212.0,95.8
17538.0,95.78
15661.0,95.19999999999999
17060.0,94.86000000000001
18018.0,94.84
17707.0,94.6
16387.0,94.36
12445.0,94.3
17893.0,94.13
16339.0,94.05
15397.0,94.0
13283.0,93.66
17895.0,93.55
17029.0,93.08
13228.0,93.08
12821.0,92.62
14054.0,92.46
17901.0,91.98
13160.0,91.8
14661.0,91.75
17709.0,91.65
18249.0,91.54
13947.0,90.6
14353.0,90.6
16506.0,90.30000000000001
15552.0,90.12
14117.0,90.0
14219.0,89.94
15562.0,89.7
13144.0,89.45
13068.0,89.44
14760.0,89.2
16405.0,89.14999999999999
14974.0,88.44
17887.0,88.3
17925.0,88.14
13651.0,87.64999999999999
15180.0,87.5
13296.0,87.19999999999999
18033.0,85.86
14603.0,85.8
15653.0,85.44
15428.0,85.2
15541.0,85.13000000000001
14436.0,85.00999999999999
15729.0,85.0
17991.0,84.75
13666.0,84.55
13703.0,84.5
16913.0,84.49
13101.0,84.09
15049.0,83.99000000000001
17440.0,83.72
14714.0,83.16999999999999
17309.0,82.75
17391.0,82.68
12755.0,82.35
17620.0,81.24
16789.0,80.8
12353.0,80.0
15083.0,79.6
12686.0,79.59
16078.0,79.2
13551.0,78.9
13132.0,77.19999999999999
13992.0,76.8
15070.0,76.7
13270.0,76.7
13106.0,76.5
17628.0,75.75
16610.0,75.66
12548.0,75.64999999999999
18050.0,74.4
17960.0,73.78
17349.0,73.55
18032.0,73.5
12506.0,73.5
16171.0,73.2
12756.0,72.97999999999999
17026.0,72.78999999999999
16429.0,72.55
18227.0,72.25
13686.0,72.0
13938.0,71.66
15195.0,71.5
13877.0,71.47999999999999
17747.0,71.4
13185.0,71.4
17022.0,71.0
16597.0,69.72
16377.0,69.42
13006.0,68.67
13967.0,68.2
13095.0,68.02
14393.0,67.95
13747.0,67.6
15863.0,67.29
12401.0,66.65
16073.0,66.3
17394.0,65.57
17941.0,65.25999999999999
13684.0,65.13
17948.0,64.74000000000001
17906.0,64.4
12659.0,64.19
13130.0,64.0
18281.0,63.82
17263.0,63.440000000000005
14437.0,63.0
14840.0,62.85
16468.0,62.53
13403.0,62.5
15516.0,62.38
13218.0,62.22
13194.0,60.7
13848.0,60.06
14785.0,60.019999999999996
17174.0,59.9
17382.0,58.85000000000001
14957.0,58.49
13080.0,58.08
18037.0,58.019999999999996
17414.0,57.9
16446.0,56.98
12791.0,56.55
17942.0,56.5
17775.0,56.4
18220.0,55.120000000000005
12814.0,54.989999999999995
18174.0,54.08
12665.0,53.45
15504.0,52.83
13832.0,52.199999999999996
15313.0,52.0
15899.0,51.949999999999996
17844.0,51.559999999999995
14373.0,51.449999999999996
14351.0,51.0
13682.0,50.9
18068.0,50.699999999999996
17536.0,50.699999999999996
13011.0,50.550000000000004
14821.0,48.800000000000004
14865.0,48.019999999999996
14642.0,47.36
16990.0,46.54
14705.0,46.54
14124.0,46.54
17896.0,46.28
14080.0,45.599999999999994
14300.0,43.2
15316.0,42.9
13302.0,42.25
15178.0,40.5
14589.0,39.75
12864.0,39.31999999999999
12855.0,38.1
14185.0,38.099999999999994
16349.0,38.0
16737.0,37.699999999999996
17186.0,37.44
14816.0,37.25
18019.0,36.95
17816.0,36.56
15488.0,36.010000000000005
15992.0,35.489999999999995
17831.0,35.400000000000006
14576.0,35.400000000000006
16856.0,35.400000000000006
17995.0,34.52
14682.0,33.800000000000004
16765.0,33.8
12789.0,33.8
18233.0,33.8
13391.0,33.8
15524.0,33.8
15940.0,33.8
16308.0,33.28
12908.0,32.5
15389.0,32.5
16754.0,32.24
13120.0,30.599999999999998
16659.0,30.54
15657.0,30.0
18087.0,29.77
16162.0,28.799999999999997
12891.0,28.6
12977.0,27.64
17347.0,27.560000000000002
17443.0,27.560000000000002
16148.0,27.560000000000002
15668.0,27.560000000000002
18113.0,27.560000000000002
14090.0,27.560000000000002
12346.0,27.04
15603.0,26.259999999999998
17408.0,25.349999999999998
17715.0,22.099999999999998
13841.0,22.099999999999998
15744.0,22.04
18184.0,21.58
16953.0,20.8
17986.0,20.8
13135.0,18.72
13099.0,18.72
16881.0,18.72
18133.0,17.939999999999998
16093.0,17.0
18268.0,16.9
15510.0,16.9
16257.0,16.9
13452.0,16.9
17102.0,16.9
15423.0,16.86
13307.0,15.0
17763.0,15.0
15753.0,14.3
16878.0,13.3
14609.0,12.74
17752.0,10.92
13366.0,10.14
12875.0,8.84
15823.0,8.45
17956.0,8.45
17846.0,8.45
15802.0,8.45
16742.0,8.45
18084.0,7.539999999999999
16454.0,6.9
14792.0,6.2
15118.0,4.42
16738.0,3.75
13256.0,0.0
